-- MySQL dump 10.13  Distrib 8.0.45, for Linux (x86_64)
--
-- Host: localhost    Database: sandenintradb
-- ------------------------------------------------------
-- Server version	8.0.45-0ubuntu0.22.04.1

/*!40101 SET @OLD_CHARACTER_SET_CLIENT=@@CHARACTER_SET_CLIENT */;
/*!40101 SET @OLD_CHARACTER_SET_RESULTS=@@CHARACTER_SET_RESULTS */;
/*!40101 SET @OLD_COLLATION_CONNECTION=@@COLLATION_CONNECTION */;
/*!50503 SET NAMES utf8mb4 */;
/*!40103 SET @OLD_TIME_ZONE=@@TIME_ZONE */;
/*!40103 SET TIME_ZONE='+00:00' */;
/*!40014 SET @OLD_UNIQUE_CHECKS=@@UNIQUE_CHECKS, UNIQUE_CHECKS=0 */;
/*!40014 SET @OLD_FOREIGN_KEY_CHECKS=@@FOREIGN_KEY_CHECKS, FOREIGN_KEY_CHECKS=0 */;
/*!40101 SET @OLD_SQL_MODE=@@SQL_MODE, SQL_MODE='NO_AUTO_VALUE_ON_ZERO' */;
/*!40111 SET @OLD_SQL_NOTES=@@SQL_NOTES, SQL_NOTES=0 */;

--
-- Table structure for table `activities`
--

DROP TABLE IF EXISTS `activities`;
/*!40101 SET @saved_cs_client     = @@character_set_client */;
/*!50503 SET character_set_client = utf8mb4 */;
CREATE TABLE `activities` (
  `id` bigint unsigned NOT NULL AUTO_INCREMENT,
  `name` varchar(255) COLLATE utf8mb4_unicode_ci NOT NULL,
  `description` text COLLATE utf8mb4_unicode_ci,
  `unit` varchar(255) COLLATE utf8mb4_unicode_ci NOT NULL,
  `level_count` int NOT NULL,
  `status` enum('active','inactive','pending','done') COLLATE utf8mb4_unicode_ci NOT NULL DEFAULT 'active',
  `level_active` int DEFAULT NULL,
  `created_at` timestamp NULL DEFAULT NULL,
  `updated_at` timestamp NULL DEFAULT NULL,
  PRIMARY KEY (`id`)
) ENGINE=InnoDB AUTO_INCREMENT=11 DEFAULT CHARSET=utf8mb4 COLLATE=utf8mb4_unicode_ci;
/*!40101 SET character_set_client = @saved_cs_client */;

--
-- Dumping data for table `activities`
--

LOCK TABLES `activities` WRITE;
/*!40000 ALTER TABLE `activities` DISABLE KEYS */;
INSERT INTO `activities` VALUES (10,'Win Together - Achieve Goal as ONE','Employee Wellness Challenge 2026 - 1ST QUARTER\r\nProgram Goals\r\n• Strengthen teamwork and camaraderie.\r\n• Promote health, wellness, and consistent physical activity.\r\n• Build accountability and collective achievement within the workplace.','KM',3,'active',1,'2025-12-09 01:12:36','2025-12-09 01:12:49');
/*!40000 ALTER TABLE `activities` ENABLE KEYS */;
UNLOCK TABLES;

--
-- Table structure for table `category_tbl`
--

DROP TABLE IF EXISTS `category_tbl`;
/*!40101 SET @saved_cs_client     = @@character_set_client */;
/*!50503 SET character_set_client = utf8mb4 */;
CREATE TABLE `category_tbl` (
  `id` bigint unsigned NOT NULL AUTO_INCREMENT,
  `name` varchar(255) COLLATE utf8mb4_unicode_ci NOT NULL,
  PRIMARY KEY (`id`)
) ENGINE=InnoDB AUTO_INCREMENT=17 DEFAULT CHARSET=utf8mb4 COLLATE=utf8mb4_unicode_ci;
/*!40101 SET character_set_client = @saved_cs_client */;

--
-- Dumping data for table `category_tbl`
--

LOCK TABLES `category_tbl` WRITE;
/*!40000 ALTER TABLE `category_tbl` DISABLE KEYS */;
INSERT INTO `category_tbl` VALUES (1,'POLICY AND PROCEDURE MANAGEMENT REGULATIONS'),(2,'CHECK MANUAL ON ANTISOCIAL FORCES'),(3,'EMPLOYMENT REGULATIONS'),(4,'ASSET MANAGEMENT REGULATIONS'),(5,'WHISTLEBLOWER REGULATIONS'),(6,'ACCOUNTING REGULATIONS'),(7,'ACCOUNTING POLICY'),(8,'CREDIT RISK MANAGEMENT REGULATIONS'),(9,'SALES MANAGEMENT REGULATIONS'),(10,'PROCUREMENT MANAGEMENT REGULATIONS'),(11,'QUALITY MANAGEMENT REGULATIONS'),(12,'BASIC REGULATIONS FOR EXECUTION OF DUTIES'),(13,'DETAILED REGULATIONS ON DIVISION OF RESPONSIBILITIES'),(14,'ORGANIZATIONAL REGULATIONS'),(15,'REGULATIONS FOR THE OPERATION OF COMMITTEES'),(16,'BOARD OF DIRECTORS REGULATIONS');
/*!40000 ALTER TABLE `category_tbl` ENABLE KEYS */;
UNLOCK TABLES;

--
-- Table structure for table `challenge_levels`
--

DROP TABLE IF EXISTS `challenge_levels`;
/*!40101 SET @saved_cs_client     = @@character_set_client */;
/*!50503 SET character_set_client = utf8mb4 */;
CREATE TABLE `challenge_levels` (
  `id` bigint unsigned NOT NULL AUTO_INCREMENT,
  `activity_id` bigint unsigned NOT NULL,
  `activity_name` varchar(255) COLLATE utf8mb4_unicode_ci NOT NULL,
  `level_number` int NOT NULL,
  `required_value` double(8,2) NOT NULL,
  `team_size` int NOT NULL,
  `created_at` timestamp NULL DEFAULT NULL,
  `updated_at` timestamp NULL DEFAULT NULL,
  PRIMARY KEY (`id`),
  KEY `challenge_levels_activity_id_foreign` (`activity_id`),
  CONSTRAINT `challenge_levels_activity_id_foreign` FOREIGN KEY (`activity_id`) REFERENCES `activities` (`id`) ON DELETE CASCADE
) ENGINE=InnoDB AUTO_INCREMENT=21 DEFAULT CHARSET=utf8mb4 COLLATE=utf8mb4_unicode_ci;
/*!40101 SET character_set_client = @saved_cs_client */;

--
-- Dumping data for table `challenge_levels`
--

LOCK TABLES `challenge_levels` WRITE;
/*!40000 ALTER TABLE `challenge_levels` DISABLE KEYS */;
INSERT INTO `challenge_levels` VALUES (18,10,'Win Together - Achieve Goal as ONE',1,25.00,2,'2025-12-09 01:12:36','2025-12-09 01:12:36'),(19,10,'Win Together - Achieve Goal as ONE',2,100.00,5,'2025-12-09 01:12:36','2025-12-09 01:12:36'),(20,10,'Win Together - Achieve Goal as ONE',3,200.00,10,'2025-12-09 01:12:36','2025-12-09 01:12:36');
/*!40000 ALTER TABLE `challenge_levels` ENABLE KEYS */;
UNLOCK TABLES;

--
-- Table structure for table `department_heads`
--

DROP TABLE IF EXISTS `department_heads`;
/*!40101 SET @saved_cs_client     = @@character_set_client */;
/*!50503 SET character_set_client = utf8mb4 */;
CREATE TABLE `department_heads` (
  `id` bigint unsigned NOT NULL AUTO_INCREMENT,
  `name` varchar(255) CHARACTER SET utf8mb4 COLLATE utf8mb4_unicode_ci NOT NULL,
  `department` varchar(255) CHARACTER SET utf8mb4 COLLATE utf8mb4_unicode_ci NOT NULL,
  `role` varchar(255) CHARACTER SET utf8mb4 COLLATE utf8mb4_unicode_ci NOT NULL,
  `email` varchar(255) CHARACTER SET utf8mb4 COLLATE utf8mb4_unicode_ci NOT NULL,
  `created_at` timestamp NULL DEFAULT NULL,
  `updated_at` timestamp NULL DEFAULT NULL,
  PRIMARY KEY (`id`),
  UNIQUE KEY `department_heads_email_unique` (`email`)
) ENGINE=InnoDB AUTO_INCREMENT=26 DEFAULT CHARSET=utf8mb4 COLLATE=utf8mb4_unicode_ci;
/*!40101 SET character_set_client = @saved_cs_client */;

--
-- Dumping data for table `department_heads`
--

LOCK TABLES `department_heads` WRITE;
/*!40000 ALTER TABLE `department_heads` DISABLE KEYS */;
INSERT INTO `department_heads` VALUES (1,'Alcantara, Christian Katigbak','AFTER SALES','Manager','christian.alcantara.ut@sanden-rs.com',NULL,NULL),(2,'Alcos, Julieta Manumbas','South Luzon','Manager','julieta.alcos.qp@sanden-rs.com',NULL,NULL),(3,'Apigo, Julius Ubera','AFTER SALES','Manager','julius.apigo.dw@sanden-rs.com',NULL,NULL),(4,'Dela Cruz, Joyce Anne Ledda','RO-NL','Manager','joyce.delacruz.jb@sanden-rs.com',NULL,NULL),(5,'Delos Reyes, Mark Laguit','OFFICE OF THE PRESIDENT','Manager','mark.delosreyes.ir@sanden-rs.com',NULL,NULL),(6,'Dichoso, Fernan Hernandez','MANAGEMENT','Manager','fernan.dichoso.cj@sanden-rs.com',NULL,NULL),(7,'Galdones, Jordan Alafriz','RO-VISAYAS','Manager','jordan.galdones.wd@sanden-rs.com',NULL,NULL),(8,'Manalo, Billy Joel Canape','COLD CHAIN','Manager','billy.manalo.nq@sanden-rs.com',NULL,NULL),(9,'Maruggay, Almar Pudoc','COLD CHAIN','Manager','almar.maruggay.dd@sanden-rs.com',NULL,NULL),(10,'Palomillo, Emirlyn Quilatan','COLD CHAIN','Manager','Emirlyn.Palomillo.gi@sanden-rs.com',NULL,NULL),(11,'Rabandaban, Richie Calanog','FINANCE','Manager','richie.rabandaban.rr@sanden-rs.com',NULL,NULL),(12,'Villa, Ella-d Dizor','RO-MINDANAO','Manager','ella.villa.vo@sanden-rs.com',NULL,NULL),(13,'Cruz, Larry Cruz','MANAGEMENT','COO','larry.cruz.jz@sanden-rs.com',NULL,NULL),(14,'Mosquera, Sabrina Marfil','PROCUREMENT & IMPORTATION','Supervisor','sabrina.m.mosquera.sb@sanden-rs.com',NULL,NULL),(15,'Garcia, Mark Marlo Mingi','AFTER SALES','Supervisor','mark.garcia.mg@sanden-rs.com',NULL,NULL),(16,'Gonzales, Kane Cyril Rostata','Advertising & Marketing','Supervisor','kane.gonzales.kc@sanden-rs.com',NULL,NULL),(17,'Salazar, Monette Naparan','FINANCE','Supervisor','monette.salazar.ms@sanden-rs.com',NULL,NULL),(18,'Marable, Euvy Angelo Gerero','MIS','Supervisor','euvy.marable.df@sanden-rs.com',NULL,NULL),(19,'Oca, Benje Morales','COLD CHAIN','Supervisor','benje.oca.bo@sanden-rs.com',NULL,NULL),(20,'Barlan, Adel Paolo Delloson','COLD CHAIN','Supervisor','adel.barlan.ab@sanden-rs.com',NULL,NULL),(21,'Lat, Gerryca Syra Joves','HUMAN RESOURCE','Supervisor','gerryca.joves.gj@sanden-rs.com',NULL,NULL),(22,'Panambo, Clarence Davin','COLD CHAIN','Supervisor','clarence.panambo.bc@sanden-rs.com',NULL,NULL),(23,'Joven, Alvin Sara','SCM','Supervisor','alvin.joven.fi@sanden-rs.com',NULL,NULL),(24,'Balani, Nemicio Aquino','COLD CHAIN','Supervisor','nemicio.balani.wz@sanden-rs.com',NULL,NULL),(25,'Olivera, Neil Erzon Esquilon','ADMIN','Supervisor','neil.olivera.no@sanden-rs.com',NULL,NULL);
/*!40000 ALTER TABLE `department_heads` ENABLE KEYS */;
UNLOCK TABLES;

--
-- Table structure for table `departments`
--

DROP TABLE IF EXISTS `departments`;
/*!40101 SET @saved_cs_client     = @@character_set_client */;
/*!50503 SET character_set_client = utf8mb4 */;
CREATE TABLE `departments` (
  `id` bigint NOT NULL AUTO_INCREMENT,
  `name` varchar(255) COLLATE utf8mb4_unicode_ci NOT NULL,
  `created_at` timestamp NULL DEFAULT NULL,
  `updated_at` timestamp NULL DEFAULT NULL,
  PRIMARY KEY (`id`),
  KEY `name` (`name`)
) ENGINE=InnoDB AUTO_INCREMENT=16 DEFAULT CHARSET=utf8mb4 COLLATE=utf8mb4_unicode_ci;
/*!40101 SET character_set_client = @saved_cs_client */;

--
-- Dumping data for table `departments`
--

LOCK TABLES `departments` WRITE;
/*!40000 ALTER TABLE `departments` DISABLE KEYS */;
INSERT INTO `departments` VALUES (1,'MANAGEMENT',NULL,NULL),(2,'SCM',NULL,NULL),(3,'PROCUREMENT & IMPORTATION',NULL,NULL),(4,'AFTER SALES',NULL,NULL),(5,'RO-VISAYAS',NULL,NULL),(6,'South Luzon',NULL,NULL),(7,'COLD CHAIN',NULL,NULL),(8,'ADMIN',NULL,NULL),(9,'RO-NL',NULL,NULL),(10,'RO-MINDANAO',NULL,NULL),(11,'OFFICE OF THE PRESIDENT',NULL,NULL),(12,'Advertising & Marketing',NULL,NULL),(13,'FINANCE',NULL,NULL),(14,'MIS',NULL,NULL),(15,'HUMAN RESOURCE',NULL,NULL);
/*!40000 ALTER TABLE `departments` ENABLE KEYS */;
UNLOCK TABLES;

--
-- Table structure for table `documents`
--

DROP TABLE IF EXISTS `documents`;
/*!40101 SET @saved_cs_client     = @@character_set_client */;
/*!50503 SET character_set_client = utf8mb4 */;
CREATE TABLE `documents` (
  `id` bigint unsigned NOT NULL AUTO_INCREMENT,
  `filename` varchar(255) COLLATE utf8mb4_unicode_ci DEFAULT NULL,
  `label` varchar(255) COLLATE utf8mb4_unicode_ci DEFAULT NULL,
  `department` varchar(255) COLLATE utf8mb4_unicode_ci DEFAULT NULL,
  `doc_type` varchar(255) COLLATE utf8mb4_unicode_ci DEFAULT NULL,
  `category_id` int NOT NULL,
  `access_level` int NOT NULL,
  `upload_date` timestamp NULL DEFAULT CURRENT_TIMESTAMP,
  PRIMARY KEY (`id`)
) ENGINE=InnoDB AUTO_INCREMENT=93 DEFAULT CHARSET=utf8mb4 COLLATE=utf8mb4_unicode_ci;
/*!40101 SET character_set_client = @saved_cs_client */;

--
-- Dumping data for table `documents`
--

LOCK TABLES `documents` WRITE;
/*!40000 ALTER TABLE `documents` DISABLE KEYS */;
INSERT INTO `documents` VALUES (1,'ADMPOL001.pdf','Safety Control Procedure','ADM','POL',1,1,'2025-10-29 16:00:00'),(2,'ADMPOL002.pdf','Emergency Preparedness and Response Procedure','ADM','POL',1,1,'2025-10-29 16:00:00'),(3,'ADMPOL003.pdf','Security Control Procedure','ADM','POL',1,1,'2025-10-29 16:00:00'),(4,'ADMPOL004.pdf','Permit to Work Control Work Instruction','ADM','POL',1,1,'2025-10-29 16:00:00'),(5,'ADMPOL005.pdf','Personal Protective Equipment Management','ADM','POL',1,1,'2025-10-29 16:00:00'),(6,'ADMPOL006.pdf','Health and Wellness','ADM','POL',1,1,'2025-10-29 16:00:00'),(7,'ADMPOL007.pdf','Ergonomic Management','ADM','POL',1,1,'2025-10-29 16:00:00'),(8,'ADMPOL008.pdf','Drug Free Work Place','ADM','POL',1,1,'2025-10-29 16:00:00'),(9,'ADMPOL009.pdf','Hepatitis B Program','ADM','POL',1,1,'2025-10-29 16:00:00'),(10,'ADMPOL010.pdf','PTB Prevention and Control Procedure','ADM','POL',1,1,'2025-10-29 16:00:00'),(11,'ADMPOL011.pdf','Pregnancy and Reproductive Health','ADM','POL',1,1,'2025-10-29 16:00:00'),(12,'ADMPOL012.pdf','HIV and AIDS Program','ADM','POL',1,1,'2025-10-29 16:00:00'),(13,'ADMPOL013.pdf','Breastfeeding Procedure','ADM','POL',1,1,'2025-10-29 16:00:00'),(14,'ADMPOL014.pdf','Occupational Health Requirements','ADM','POL',1,1,'2025-10-29 16:00:00'),(15,'ADMPOL025.pdf','Document Control','ADM','POL',1,1,'2025-10-29 16:00:00'),(16,'ADMPOL028.pdf','Crisis Management','ADM','POL',1,1,'2025-10-29 16:00:00'),(17,'ADMPOL029.pdf','Work Suspension Due to Calamity','ADM','POL',1,1,'2025-10-29 16:00:00'),(18,'MISPOL001.pdf','Network Information','MIS','POL',1,1,'2025-10-29 16:00:00'),(19,'MISPOL002.pdf','System Monitoring','MIS','POL',1,1,'2025-10-29 16:00:00'),(20,'MISPOL003.pdf','Back-up of Data','MIS','POL',1,1,'2025-10-29 16:00:00'),(21,'MISPOL007.pdf','Digital Data Privacy','MIS','POL',1,1,'2025-10-29 16:00:00'),(22,'MISPOL008.pdf','Software Liscensing','MIS','POL',1,1,'2025-10-29 16:00:00'),(23,'MISPOL009.pdf','CCTV Access and Usage','MIS','POL',1,1,'2025-10-29 16:00:00'),(24,'MISPOL010.pdf','IT Request Handling','MIS','POL',1,1,'2025-10-29 16:00:00'),(25,'ADMPOL035.pdf','Antisocial Force','ADM','POL',2,1,'2025-10-29 16:00:00'),(26,'ADMPOL015.pdf','Domestic Air Travel','ADM','POL',3,1,'2025-10-29 16:00:00'),(27,'ADMPOL016.pdf','Accommodation','ADM','POL',3,1,'2025-10-29 16:00:00'),(28,'ADMPOL017.pdf','Shuttle and Vehicle Request Guideline','ADM','POL',3,1,'2025-10-29 16:00:00'),(29,'ADMPOL018.pdf','Driver Authorization','ADM','POL',3,1,'2025-10-29 16:00:00'),(30,'ADMPOL019.pdf','Transportation Reimbursement','ADM','POL',3,1,'2025-10-29 16:00:00'),(31,'ADMPOL020.pdf','Staff House Accommodation','ADM','POL',3,2,'2025-10-29 16:00:00'),(32,'HRFRM002.pdf','Employee Movement Form','HR','FRM',3,4,'2025-10-29 16:00:00'),(33,'HRGDL001.pdf','Employee Movement','HR','GDL',3,3,'2025-10-29 16:00:00'),(34,'HRGDL002.pdf','Training Evaluation','HR','GDL',3,1,'2025-10-29 16:00:00'),(35,'HRGDL003.pdf','Leave Conversion','HR','GDL',3,1,'2025-10-29 16:00:00'),(36,'HRGDL004.pdf','Compensation Structure','HR','GDL',3,3,'2025-10-29 16:00:00'),(37,'HRGDL005.pdf','Wage Distortion','HR','GDL',3,1,'2025-10-29 16:00:00'),(38,'HRGDL006.pdf','Salary Increase','HR','GDL',3,1,'2025-10-29 16:00:00'),(39,'HRPOL001.pdf','Recruitment, Selection and Employment','HR','POL',3,1,'2025-10-29 16:00:00'),(40,'HRPOL002.pdf','Employee Performance Evaluation','HR','POL',3,1,'2025-10-29 16:00:00'),(41,'HRPOL003.pdf','Promotion','HR','POL',3,1,'2025-10-29 16:00:00'),(42,'HRPOL004.pdf','Payroll Administration','HR','POL',3,1,'2025-10-29 16:00:00'),(43,'HRPOL005.pdf','Meal Allowance and Per Diem','HR','POL',3,1,'2025-10-29 16:00:00'),(44,'HRPOL006.pdf','Retirement Plan','HR','POL',3,1,'2025-10-29 16:00:00'),(45,'HRPOL007.pdf','Retiree Consultancy Engangement','HR','POL',3,3,'2025-10-29 16:00:00'),(46,'HRPOL008.pdf','13th Month Pay','HR','POL',3,1,'2025-10-29 16:00:00'),(47,'HRPOL009.pdf','Bonus','HR','POL',3,1,'2025-10-29 16:00:00'),(48,'HRPOL010.pdf','Compensation Philisophy','HR','POL',3,1,'2025-10-29 16:00:00'),(49,'HRPOL011.pdf','Christmas Package','HR','POL',3,1,'2025-10-29 16:00:00'),(50,'HRPOL012.pdf','Rice Subsidy','HR','POL',3,1,'2025-10-29 16:00:00'),(51,'HRPOL013.pdf','Uniform Policy','HR','POL',3,1,'2025-10-29 16:00:00'),(52,'ADMPOL021.pdf','Company-Issued Mobile Device','ADM','POL',4,1,'2025-10-29 16:00:00'),(53,'ADMPOL022.pdf','Company-Issued Mobile Device Upgrade','ADM','POL',4,2,'2025-10-29 16:00:00'),(54,'ADMPOL033.pdf','Fixed Assets Management','ADM','POL',4,1,'2025-10-29 16:00:00'),(55,'ADMPOL034.pdf','Company Fleet Management','ADM','POL',4,1,'2025-10-29 16:00:00'),(56,'ADMPOL036.pdf','Gatepass','ADM','POL',4,1,'2025-10-29 16:00:00'),(57,'FINPOL004.pdf','Asset Management','FIN','POL',4,1,'2025-10-29 16:00:00'),(58,'FINPOL008.pdf','Material Board Review','FIN','POL',4,1,'2025-10-29 16:00:00'),(59,'FINPOL010.pdf','Inventory Counting','FIN','POL',4,1,'2025-10-29 16:00:00'),(60,'FINPOL012.pdf','Inventory Management - Physical Count','FIN','POL',4,1,'2025-10-29 16:00:00'),(61,'MISPOL004.pdf','Equipment Issuance, Assignment and Usage','MIS','POL',4,1,'2025-10-29 16:00:00'),(62,'MISPOL005.pdf','Technology Hardware Disposal','MIS','POL',4,2,'2025-10-29 16:00:00'),(63,'ADMPOL030.pdf','Whistle Blower','ADM','POL',5,1,'2025-10-29 16:00:00'),(64,'ADMPOL031.pdf','Credit Card Management','ADM','POL',6,2,'2025-10-29 16:00:00'),(65,'ADMPOL032.pdf','Arranged Loan','ADM','POL',6,2,'2025-10-29 16:00:00'),(66,'FINPOL001.pdf','Finance Disbursement Process','FIN','POL',6,1,'2025-10-29 16:00:00'),(67,'FINPOL002.pdf','Petty Cash Fund','FIN','POL',6,1,'2025-10-29 16:00:00'),(68,'FINPOL003.pdf','Cash Advance','FIN','POL',6,1,'2025-10-29 16:00:00'),(69,'FINPOL005.pdf','Cash and Check Collection Procedure','FIN','POL',6,1,'2025-10-29 16:00:00'),(71,'MISPOL006.pdf','SAP-ERP','MIS','POL',7,1,'2025-10-29 16:00:00'),(72,'FINPOL006.pdf','Credit Policy','FIN','POL',8,1,'2025-10-29 16:00:00'),(73,'FINPOL007.pdf','Promodiser Incentive','FIN','POL',9,2,'2025-10-29 16:00:00'),(74,'FINPOL009.pdf','Sales Discount','FIN','POL',9,1,'2025-10-29 16:00:00'),(75,'FINPOL011.pdf','Sell Out Incentives for Stores without Promodiser','FIN','POL',9,2,'2025-10-29 16:00:00'),(76,'SCMPOL001.pdf','Sales Order Utilization','SCM','POL',9,1,'2025-10-29 16:00:00'),(77,'ADMGDL002.pdf','Office Supplies Request','ADM','GDL',10,1,'2025-10-29 16:00:00'),(78,'PIPPOL002.pdf','Domestic Procedure','PIP','POL',10,1,'2025-10-29 16:00:00'),(79,'PIPPOL001.pdf','Vendor Selection and Accreditation','PIP','POL',10,1,'2025-10-29 16:00:00'),(80,'PIPPOL003.pdf','Import Procedure','PIP','POL',10,1,'2025-10-29 16:00:00'),(81,'PIPPOL004.pdf','Project Code Registration','PIP','POL',10,1,'2025-10-29 16:00:00'),(82,'SCMPOL002.pdf','Procedure on Inbound Shipment','SCM','POL',10,1,'2025-10-29 16:00:00'),(83,'SCMPOL003.pdf','Procedure on Outbound Shipment','SCM','POL',10,1,'2025-10-29 16:00:00'),(84,'ADMPOL023.pdf','SCP Official Policy Format','ADM','POL',11,1,'2025-10-29 16:00:00'),(85,'ADMPOL026.pdf','Risk Assessment','ADM','POL',11,2,'2025-10-29 16:00:00'),(86,'ADMPOL027.pdf','Risk Compliance','ADM','POL',11,2,'2025-10-29 16:00:00'),(87,'HRPOL014.pdf','Training Framework','HR','POL',11,1,'2025-10-29 16:00:00'),(88,'ADMGDL001.pdf','Legal Document Processing','ADM','GDL',12,1,'2025-10-29 16:00:00'),(89,'ADMPOL024.pdf','Confidentiality','ADM','POL',14,1,'2025-10-29 16:00:00'),(90,'HRPOL015.pdf','Company Events','HR','POL',3,1,'2025-10-29 16:00:00'),(91,'HRGDL007.pdf','Compensation Confidentiality and Communication','HR','GDL',3,1,'2025-11-06 02:28:46'),(92,'FINGDL001.pdf','Financial Reporting Manual','FIN','GDL',7,2,'2025-11-07 01:26:27');
/*!40000 ALTER TABLE `documents` ENABLE KEYS */;
UNLOCK TABLES;

--
-- Table structure for table `events`
--

DROP TABLE IF EXISTS `events`;
/*!40101 SET @saved_cs_client     = @@character_set_client */;
/*!50503 SET character_set_client = utf8mb4 */;
CREATE TABLE `events` (
  `id` bigint unsigned NOT NULL AUTO_INCREMENT,
  `title` varchar(255) COLLATE utf8mb4_unicode_ci NOT NULL,
  `description` text COLLATE utf8mb4_unicode_ci,
  `start` datetime NOT NULL,
  `end` datetime DEFAULT NULL,
  `created_at` timestamp NULL DEFAULT NULL,
  `updated_at` timestamp NULL DEFAULT NULL,
  `agenda` text COLLATE utf8mb4_unicode_ci,
  `meeting_room` text COLLATE utf8mb4_unicode_ci,
  `pic` varchar(255) COLLATE utf8mb4_unicode_ci DEFAULT NULL,
  PRIMARY KEY (`id`)
) ENGINE=InnoDB AUTO_INCREMENT=140 DEFAULT CHARSET=utf8mb4 COLLATE=utf8mb4_unicode_ci;
/*!40101 SET character_set_client = @saved_cs_client */;

--
-- Dumping data for table `events`
--

LOCK TABLES `events` WRITE;
/*!40000 ALTER TABLE `events` DISABLE KEYS */;
INSERT INTO `events` VALUES (20,'SPECIAL NON- WORKING HOLIDAY : ALL SAINT\'S DAY EVE','Malacañang has officially declared October 31, 2025, as an additional special non-working day across the Philippines through Proclamation No. 727.\r\n\r\nThe government made the declaration to allow Filipinos sufficient time to prepare for and observe All Saints’ Day and All Souls’ Day, collectively known as Undas or Kalag-Kalag.\r\n\r\nPresident Ferdinand R. Marcos Jr. signed the proclamation, ensuring that citizens can spend quality time with their families while honoring departed loved ones.','2025-10-31 00:00:00','2025-10-31 12:00:00','2025-10-30 07:29:53','2025-10-30 07:29:53','Holiday',NULL,'gerryca.joves.gj@sanden-rs.com'),(21,'Overview & Process of JSOX Audit (Sales) Physical Audit','Orientation & Overview of JSOX Physical Audit','2025-11-03 13:00:00','2025-11-03 14:30:00','2025-10-30 07:34:26','2025-10-30 07:34:26','Room','conference_room_1f','fernan.dichoso.cj@sanden-rs.com'),(22,'OPM (Management Division)','OPM (Management Division Team)','2025-11-14 13:00:00','2025-11-14 16:00:00','2025-10-30 07:36:37','2025-10-30 07:36:37','Room','conference_room_1f','fernan.dichoso.cj@sanden-rs.com'),(23,'Flash Report October Results','Flash Report with Ikeda san & Larry san','2025-11-06 10:00:00','2025-11-06 11:37:00','2025-10-30 07:39:06','2025-10-30 07:39:06','Room','meeting_room_1_2f_right','fernan.dichoso.cj@sanden-rs.com'),(24,'SDRS-SCP (Monthly Meeting)','SDRS/SCP (Monthly Meeting) with Ikeda san & Larry san','2025-11-19 09:00:00','2025-11-19 10:00:00','2025-10-30 07:43:59','2025-10-30 07:43:59','Room','meeting_room_1_2f_right','fernan.dichoso.cj@sanden-rs.com'),(26,'SCP INTRANET LAUNCH!','Announcement and Account/Access Provision','2025-10-30 15:00:00','2025-10-30 16:00:00','2025-10-30 07:48:41','2025-10-30 07:48:41','Events',NULL,'neil.olivera.no@sanden-rs.com'),(27,'Cash Flow Projection','Cash Flow Projection','2025-11-06 11:40:00','2025-11-06 12:00:00','2025-10-30 08:03:26','2025-10-30 08:03:26','Room','meeting_room_1_2f_right','fernan.dichoso.cj@sanden-rs.com'),(28,'Policy Review - Finance / Admin','Policy Review','2025-11-04 09:30:00','2025-11-04 11:00:00','2025-11-04 01:26:56','2025-11-04 01:26:56','Room','meeting_room_1_2f_right','neil.olivera.no@sanden-rs.com'),(30,'Meeting','Aftersales Spare Parts Delivery - Logistic Partners','2025-11-04 13:00:00','2025-11-04 15:00:00','2025-11-04 01:58:54','2025-11-04 01:58:54','Room','conference_room_1f','christian.alcantara.ut@sanden-rs.com'),(31,'Aftersales Meeting','Aftersales Meeting','2025-11-10 08:30:00','2025-11-10 10:30:00','2025-11-04 02:01:05','2025-11-04 02:01:05','Room','conference_room_1f','christian.alcantara.ut@sanden-rs.com'),(32,'Aftersales Meeting','Aftersales OPM','2025-11-12 08:30:00','2025-11-12 12:00:00','2025-11-04 02:06:27','2025-11-04 02:06:27','Room','meeting_room_1_2f_right','christian.alcantara.ut@sanden-rs.com'),(33,'SCM Team Reports - October 2025',NULL,'2025-11-06 09:00:00','2025-11-06 11:00:00','2025-11-04 03:46:56','2025-11-04 03:46:56','Room','conference_room_1f','alvin.joven.fi@sanden-rs.com'),(34,'Happy Birthday','Happy Birthday Sir Larry!','2025-11-03 08:00:00','2025-11-03 16:00:00','2025-11-06 01:44:10','2025-11-06 01:44:10','Events',NULL,'neil.olivera.no@sanden-rs.com'),(38,'PETTY CASH, CA, LIQUIDATION POLICY',NULL,'2025-11-10 15:00:00','2025-11-10 16:00:00','2025-11-07 01:13:27','2025-11-07 01:13:27','Room','meeting_room_1_2f_right','richie.rabandaban.rr@sanden-rs.com'),(39,'Embraco Visit','Meeting with Cold Chain Department','2025-11-07 10:00:00','2025-11-07 12:00:00','2025-11-07 01:19:32','2025-11-07 01:19:32','Visitors',NULL,'neil.olivera.no@sanden-rs.com'),(40,'Finance monthly meeting with review of BIR and SEC Rulings & IFRS','Finance monthly meeting with review of BIR and SEC Rulings & IFRS','2025-11-25 09:00:00','2025-11-25 12:00:00','2025-11-07 01:24:38','2025-11-07 01:24:38','Room','meeting_room_1_2f_right','maryjoy.cinco.il@sanden-rs.com'),(41,'Preparation for discussion of Audit Plan & Procedures',NULL,'2025-11-21 10:00:00','2025-11-21 12:00:00','2025-11-07 01:34:28','2025-11-07 01:34:28','Room','meeting_room_1_2f_right','richie.rabandaban.rr@sanden-rs.com'),(42,'Finance monthly meeting with review of BIR and SEC Rulings & IFRS','Finance monthly meeting with review of BIR and SEC Rulings & IFRS','2025-12-22 09:00:00','2025-12-22 12:00:00','2025-11-07 01:41:42','2025-11-07 01:41:42','Room','meeting_room_1_2f_right','maryjoy.cinco.il@sanden-rs.com'),(43,'Finance monthly meeting with review of BIR and SEC Rulings & IFRS with exam','Finance monthly meeting with review of BIR and SEC Rulings & IFRS','2026-01-23 09:00:00','2026-01-23 15:00:00','2025-11-07 01:42:46','2025-11-07 01:42:46','Room','meeting_room_1_2f_right','maryjoy.cinco.il@sanden-rs.com'),(44,'Finance monthly meeting with review of BIR and SEC Rulings & IFRS','Finance monthly meeting with review of BIR and SEC Rulings & IFRS','2026-02-25 09:00:00','2026-02-25 12:00:00','2025-11-07 01:43:45','2025-11-07 01:43:45','Room','meeting_room_1_2f_right','maryjoy.cinco.il@sanden-rs.com'),(45,'Finance monthly meeting with review of BIR and SEC Rulings & IFRS with exam','Finance monthly meeting with review of BIR and SEC Rulings & IFRS with exam and kpi','2026-03-25 09:00:00','2026-03-25 15:00:00','2025-11-07 01:44:45','2025-11-07 01:44:45','Room','meeting_room_1_2f_right','maryjoy.cinco.il@sanden-rs.com'),(46,'PLC with Japan Session 1&2',NULL,'2025-11-13 09:00:00','2025-11-13 16:00:00','2025-11-07 03:13:56','2025-11-07 03:13:56','Room','meeting_room_1_2f_right','richie.rabandaban.rr@sanden-rs.com'),(47,'PLC with Japan Session 3',NULL,'2025-11-18 09:00:00','2025-11-18 12:00:00','2025-11-07 03:16:17','2025-11-07 03:16:17','Room','meeting_room_1_2f_right','richie.rabandaban.rr@sanden-rs.com'),(48,'Process Interview - Mazars',NULL,'2025-11-14 09:00:00','2025-11-14 14:00:00','2025-11-07 05:44:54','2025-11-07 05:44:54','Room','meeting_room_1_2f_right','richie.rabandaban.rr@sanden-rs.com'),(49,'Mancom Meeting',NULL,'2025-11-18 08:30:00','2025-11-18 11:00:00','2025-11-07 07:50:07','2025-11-07 07:50:07','Room','conference_room_1f','fernan.dichoso.cj@sanden-rs.com'),(50,'Tax updates - FB seminar',NULL,'2025-11-17 13:30:00','2025-11-17 17:00:00','2025-11-07 08:15:46','2025-11-07 08:15:46','Room','meeting_room_1_2f_right','richie.rabandaban.rr@sanden-rs.com'),(51,'AR 121 days overdue discussion',NULL,'2025-11-19 09:00:00','2025-11-19 10:00:00','2025-11-11 00:55:21','2025-11-11 00:55:21','Room','meeting_room_2_3f_right','monette.salazar.ms@sanden-rs.com'),(53,'Sales Process Flow',NULL,'2025-11-12 08:00:00','2025-11-12 10:00:00','2025-11-11 07:09:22','2025-11-11 07:09:22','Room','meeting_room_2_3f_right','richie.rabandaban.rr@sanden-rs.com'),(54,'Aftersales Meeting','Aftersales Meeting','2025-11-13 08:30:00','2025-11-13 14:00:00','2025-11-11 07:23:19','2025-11-11 07:23:19','Room','conference_room_1f','christian.alcantara.ut@sanden-rs.com'),(55,'Admin - MIS','Intranet','2025-11-17 10:00:00','2025-11-17 11:00:00','2025-11-13 05:25:28','2025-11-13 05:25:28','Room','meeting_room_1_2f_right','neil.olivera.no@sanden-rs.com'),(56,'Spare Parts Planning (Proposal) Meeting',NULL,'2025-11-14 10:00:00','2025-11-14 11:00:00','2025-11-13 05:51:37','2025-11-13 05:51:37','Events',NULL,'vazzim.soriano.vs@sanden-rs.com'),(57,'121 Days overdue discussion',NULL,'2025-11-18 13:00:00','2025-11-18 14:00:00','2025-11-14 00:12:43','2025-11-14 00:12:43','Room','meeting_room_1_2f_right','monette.salazar.ms@sanden-rs.com'),(58,'WEEKLY COORDINATION MEETING',NULL,'2025-11-14 09:45:00','2025-11-14 11:01:00','2025-11-14 01:45:32','2025-11-14 01:45:32','Room','conference_room_1f','Emirlyn.Palomillo.gi@sanden-rs.com'),(59,'Interview with auditor',NULL,'2025-11-14 14:00:00','2025-11-14 16:00:00','2025-11-14 05:04:04','2025-11-14 05:04:04','Room','meeting_room_1_2f_right','richie.rabandaban.rr@sanden-rs.com'),(60,'Aftersales Meeting','Aftersales Meeting','2025-11-17 08:30:00','2025-11-17 12:00:00','2025-11-17 00:40:06','2025-11-17 00:40:06','Room','conference_room_1f','christian.alcantara.ut@sanden-rs.com'),(61,'Invoice countering',NULL,'2025-11-20 11:00:00','2025-11-20 12:00:00','2025-11-17 05:08:54','2025-11-17 05:08:54','Room','meeting_room_1_2f_right','richie.rabandaban.rr@sanden-rs.com'),(62,'AR Discussion',NULL,'2025-11-18 14:00:00','2025-11-18 16:00:00','2025-11-18 03:56:20','2025-11-18 03:56:20','Room','meeting_room_1_2f_right','richie.rabandaban.rr@sanden-rs.com'),(63,'UPDATE ADVANCES TO OE AND SUPPLIERS/GRIR/AP AGING','UPDATE ADVANCES TO OE AND SUPPLIERS/GRIR/AP AGING','2025-11-26 10:30:00','2025-11-26 12:00:00','2025-11-18 07:56:33','2025-11-18 07:56:33','Room','conference_room_1f','maryjoy.cinco.il@sanden-rs.com'),(64,'Preparation for audit',NULL,'2025-11-20 09:00:00','2025-11-20 11:00:00','2025-11-19 00:21:47','2025-11-19 00:21:47','Room','meeting_room_1_2f_right','richie.rabandaban.rr@sanden-rs.com'),(65,'Aftersales Meeting','Aftersales Meeting','2025-11-19 13:00:00','2025-11-19 15:00:00','2025-11-19 02:44:03','2025-11-19 02:44:03','Room','conference_room_1f','christian.alcantara.ut@sanden-rs.com'),(66,'HRAD','HRAD OFFICE','2025-11-19 13:00:00','2025-11-19 16:00:00','2025-11-19 05:06:27','2025-11-19 05:06:27','Room','meeting_room_1_2f_right','neil.olivera.no@sanden-rs.com'),(67,'Annualization',NULL,'2025-11-21 09:00:00','2025-11-21 10:00:00','2025-11-20 03:35:26','2025-11-20 03:35:26','Room','meeting_room_1_2f_right','richie.rabandaban.rr@sanden-rs.com'),(69,'HR MEETING','HR AND COLD CHAIN MEETING','2025-11-24 14:00:00','2025-11-24 16:00:00','2025-11-24 05:37:33','2025-11-24 05:37:33','Room','meeting_room_1_2f_right','neil.olivera.no@sanden-rs.com'),(70,'Meeting with Local Suppliers 2025','To discuss the material readiness for the upcoming Cold chain projects.','2025-11-24 13:00:00','2025-11-24 15:00:00','2025-11-24 05:54:19','2025-11-24 05:54:19','Room','conference_room_1f','angelie.postrero.ap@sanden-rs.com'),(71,'SCP Employee Workshop & Year-End Event 2025','SCP Employee Workshop & Year-End Event 2025','2025-12-10 00:00:00','2025-12-12 12:00:00','2025-11-25 07:48:10','2025-11-25 07:48:10','Events',NULL,'neil.olivera.no@sanden-rs.com'),(72,'Finance meeting',NULL,'2025-11-26 10:00:00','2025-11-26 12:09:00','2025-11-26 02:10:38','2025-11-26 02:10:38','Room','meeting_room_1_2f_right','richie.rabandaban.rr@sanden-rs.com'),(73,'HR Activity 2025','HR Activities 2025','2025-11-28 08:30:00','2025-11-28 16:00:00','2025-11-28 00:31:40','2025-11-28 00:31:40','Room','meeting_room_1_2f_right','gerryca.joves.gj@sanden-rs.com'),(74,'Finance and Admin - Audit',NULL,'2025-11-28 14:00:00','2025-11-28 15:00:00','2025-11-28 05:47:23','2025-11-28 05:47:23','Room','meeting_room_2_3f_right','neil.olivera.no@sanden-rs.com'),(75,'SUBCONTRACTOR SAFETY ORIENTATION','Safety Orientation for Cold Chain Project Subcontractors','2025-12-02 08:00:00','2025-12-02 12:00:00','2025-11-28 13:17:35','2025-11-28 13:17:35','Room','conference_room_1f','russel.leyson.rl@sanden-rs.com'),(76,'SUBCONTRACTOR SAFETY ORIENTATION','Safety Orientation for Cold Chain Project Subcontractor','2025-12-02 12:00:00','2025-12-02 16:00:00','2025-11-28 13:59:33','2025-11-28 13:59:33','Room','conference_room_1f','russel.leyson.rl@sanden-rs.com'),(77,'5JS DESIGN REVIEW','5JS DESIGN REVIEW','2025-12-01 13:00:00','2025-12-01 16:00:00','2025-12-01 05:04:30','2025-12-01 05:04:30','Room','meeting_room_2_3f_right','russel.leyson.rl@sanden-rs.com'),(78,'Safety Orientation','Safety Project Orientation for Subcon of Cold Chain Project','2025-12-02 09:00:00','2025-12-02 12:00:00','2025-12-02 00:11:14','2025-12-02 00:11:14','Training & Seminars',NULL,'nelson.cubio.nc@sanden-rs.com'),(79,'SCM Report','SCM Report','2025-12-09 10:00:00','2025-12-09 12:00:00','2025-12-02 00:30:50','2025-12-02 00:30:50','Room','conference_room_1f','alvin.joven.fi@sanden-rs.com'),(80,'EDMS Orientation - RO Visayas','EDMS Orientation -  RO Visayas - Critical Policies and Procedures','2025-12-02 08:45:00','2025-12-02 10:00:00','2025-12-02 00:45:14','2025-12-02 00:45:14','Training & Seminars',NULL,'neil.olivera.no@sanden-rs.com'),(81,'HR Office','Temporary HR office this afternoon','2025-12-03 13:05:00','2025-12-03 16:00:00','2025-12-03 05:06:48','2025-12-03 05:06:48','Room','meeting_room_1_2f_right','gerryca.joves.gj@sanden-rs.com'),(82,'AP Team',NULL,'2025-12-04 08:00:00','2025-12-04 09:00:00','2025-12-03 06:27:03','2025-12-03 06:27:03','Room','meeting_room_1_2f_right','richie.rabandaban.rr@sanden-rs.com'),(83,'AP Team',NULL,'2025-12-04 14:00:00','2025-12-04 15:00:00','2025-12-04 00:55:57','2025-12-04 00:55:57','Room','meeting_room_1_2f_right','richie.rabandaban.rr@sanden-rs.com'),(84,'AP Team meeting',NULL,'2025-12-04 15:00:00','2025-12-04 16:00:00','2025-12-04 06:16:49','2025-12-04 06:16:49','Room','meeting_room_1_2f_right','richie.rabandaban.rr@sanden-rs.com'),(85,'Local Supplier\'s Meeting with Coldchain','Local Supplier\'s Personal Discussion with Coldhchain in relevant with the Material Preparedness','2025-12-05 13:00:00','2025-12-05 15:00:00','2025-12-04 06:19:16','2025-12-04 06:19:16','Room','conference_room_1f','angelie.postrero.ap@sanden-rs.com'),(86,'DISBURSEMENT POLICY REVIEW','DISBURSEMENT POLICY REVIEW','2025-12-15 08:30:00','2025-12-15 10:00:00','2025-12-05 03:06:05','2025-12-05 03:06:05','Room','meeting_room_1_2f_right','maryjoy.cinco.il@sanden-rs.com'),(87,'FIXED ASSET POLICY REVIEW','FIXED ASSET POLICY REVIEW','2025-12-16 08:30:00','2025-12-16 10:00:00','2025-12-05 03:06:56','2025-12-05 03:06:56','Room','meeting_room_1_2f_right','maryjoy.cinco.il@sanden-rs.com'),(90,'JSOX',NULL,'2025-12-05 13:00:00','2025-12-05 16:00:00','2025-12-05 03:28:38','2025-12-05 03:28:38','Room','meeting_room_1_2f_right','richie.rabandaban.rr@sanden-rs.com'),(91,'Aftersales Holiday Support Meeting',NULL,'2025-12-05 14:00:00','2025-12-05 15:30:00','2025-12-05 05:40:08','2025-12-05 05:40:08','Room','meeting_room_2_3f_right','joana.pabillo.fa@sanden-rs.com'),(92,'Re-Sched SCM Report',NULL,'2025-12-15 10:00:00','2025-12-15 10:00:00','2025-12-09 01:56:51','2025-12-09 01:56:51','Room','conference_room_1f','alvin.joven.fi@sanden-rs.com'),(93,'Meeting - Legal Review',NULL,'2025-12-16 11:00:00','2025-12-16 12:00:00','2025-12-15 03:14:48','2025-12-15 03:14:48','Room','meeting_room_1_2f_right','neil.olivera.no@sanden-rs.com'),(94,'Admin Meeting','SCP x Grab for Business','2025-12-16 14:00:00','2025-12-16 14:30:00','2025-12-15 04:16:03','2025-12-15 04:16:03','Room','meeting_room_1_2f_right','neil.olivera.no@sanden-rs.com'),(95,'Mancom Meeting','Mancom Meeting November Results','2025-12-19 08:30:00','2025-12-19 23:45:00','2025-12-15 05:28:12','2025-12-15 05:28:12','Room','conference_room_1f','fernan.dichoso.cj@sanden-rs.com'),(96,'OPM_Management Division','OPM_Management Division','2025-12-18 13:00:00','2025-12-18 16:01:00','2025-12-15 05:30:07','2025-12-15 05:30:07','Room','conference_room_1f','fernan.dichoso.cj@sanden-rs.com'),(97,'AR Policy Review','AR Policy Review','2025-12-18 08:30:00','2025-12-18 10:00:00','2025-12-15 05:32:49','2025-12-15 05:32:49','Room','meeting_room_1_2f_right','nemesis.godoy.ng@sanden-rs.com'),(98,'Inventory Policy Review','Inventory Policy Review','2025-12-18 10:00:00','2025-12-18 11:30:00','2025-12-15 05:34:52','2025-12-15 05:34:52','Room','meeting_room_1_2f_right','nemesis.godoy.ng@sanden-rs.com'),(99,'2 Days Cold Chain Business Review',NULL,'2026-02-05 08:00:00','2026-02-06 16:00:00','2025-12-15 07:09:34','2025-12-15 07:09:34','Room','conference_room_1f','Emirlyn.Palomillo.gi@sanden-rs.com'),(100,'PC VOUCHER/FOREX/ACCRUAL','PC VOUCHER/FOREX/ACCRUAL','2025-12-16 13:30:00','2025-12-16 14:00:00','2025-12-16 02:47:05','2025-12-16 02:47:05','Room','meeting_room_1_2f_right','maryjoy.cinco.il@sanden-rs.com'),(101,'IKEDASAN\'S VISITOR (MEETING)',NULL,'2025-12-18 08:00:00','2025-12-18 16:00:00','2025-12-16 06:03:43','2025-12-16 06:03:43','Visitors',NULL,'dessa.frial.df@sanden-rs.com'),(102,'Cold Chain Sales Business Review',NULL,'2026-01-12 08:30:00','2026-01-12 12:00:00','2025-12-17 01:56:33','2025-12-17 01:56:33','Room','meeting_room_2_3f_right','Emirlyn.Palomillo.gi@sanden-rs.com'),(103,'AP meeting',NULL,'2025-12-17 14:00:00','2025-12-17 14:30:00','2025-12-17 05:51:21','2025-12-17 05:51:21','Room','meeting_room_1_2f_right','richie.rabandaban.rr@sanden-rs.com'),(104,'Spare Parts Planning (Short Meeting)','Spare Parts Planning (Short Meeting)','2025-12-19 10:00:00','2025-12-19 10:30:00','2025-12-18 05:18:15','2025-12-18 05:18:15','Room','meeting_room_1_2f_right','vazzim.soriano.vs@sanden-rs.com'),(106,'AR Advances from customer discussion',NULL,'2025-12-22 13:15:00','2025-12-22 14:30:00','2025-12-19 05:39:07','2025-12-19 05:39:07','Room','meeting_room_1_2f_right','monette.salazar.ms@sanden-rs.com'),(107,'RO-Cebu Audit Result','RO-Cebu Audit Result','2025-12-22 14:30:00','2025-12-22 16:00:00','2025-12-22 00:37:00','2025-12-22 00:37:00','Room','meeting_room_1_2f_right','nemesis.godoy.ng@sanden-rs.com'),(108,'SDRS Audit Division Office Visit','SDRS On Site Visit:  Kaneko-san & Furukawa-san','2025-01-07 08:00:00','2025-01-08 16:00:00','2025-12-22 01:26:28','2025-12-22 01:26:28','Room','conference_room_1f','neil.olivera.no@sanden-rs.com'),(109,'SDRS ON SITE AUDIT','SDRS On-site Visit: Kaneko-san and Furukawa-san, Conference room as Audit Room','2026-01-07 08:00:00','2026-01-08 16:00:00','2025-12-22 01:28:05','2025-12-22 01:28:05','Room','conference_room_1f','neil.olivera.no@sanden-rs.com'),(110,'Pastdue and Advances from customer discussion',NULL,'2025-12-23 09:00:00','2025-12-23 11:00:00','2025-12-22 02:15:24','2025-12-22 02:15:24','Room','meeting_room_1_2f_right','monette.salazar.ms@sanden-rs.com'),(111,'FA AND TOOLS POLICY REVIEW','FA AND TOOLS POLICY REVIEW','2026-01-09 10:00:00','2026-01-09 12:00:00','2025-12-22 04:46:17','2025-12-22 04:46:17','Room','meeting_room_1_2f_right','maryjoy.cinco.il@sanden-rs.com'),(112,'ADMIN PERFORMANCE REVIEW 2025',NULL,'2026-01-05 10:00:00','2026-01-05 12:00:00','2025-12-28 04:03:56','2025-12-28 04:03:56','Room','meeting_room_1_2f_right','neil.olivera.no@sanden-rs.com'),(113,'SCM Report - December 2025 Result',NULL,'2026-01-09 13:30:00','2026-01-09 14:30:00','2026-01-02 05:16:51','2026-01-02 05:16:51','Room','conference_room_1f','alvin.joven.fi@sanden-rs.com'),(114,'WTC Annualization',NULL,'2026-01-07 10:00:00','2026-01-07 12:00:00','2026-01-07 01:45:36','2026-01-07 01:45:36','Room','meeting_room_1_2f_right','richie.rabandaban.rr@sanden-rs.com'),(115,'KPI Finance',NULL,'2026-01-09 13:00:00','2026-01-09 16:00:00','2026-01-07 01:48:52','2026-01-07 01:48:52','Room','meeting_room_1_2f_right','richie.rabandaban.rr@sanden-rs.com'),(116,'AR DISCUSSION','AR DISCUSSION','2026-01-08 10:00:00','2026-01-08 11:00:00','2026-01-08 00:54:33','2026-01-08 00:54:33','Room','meeting_room_1_2f_right','rommel.umandap.ru@sanden-rs.com'),(117,'ALPHALIST 2025',NULL,'2026-01-08 09:00:00','2026-01-08 10:00:00','2026-01-08 01:00:19','2026-01-08 01:00:19','Room','meeting_room_1_2f_right','merrie.pundano.mp@sanden-rs.com'),(118,'Fixed Asset','Meeting','2026-01-08 13:00:00','2026-01-08 15:00:00','2026-01-08 05:13:52','2026-01-08 05:13:52','Room','meeting_room_1_2f_right','neil.olivera.no@sanden-rs.com'),(119,'SAP Closing','Meeting','2026-01-12 09:00:00','2026-01-12 11:00:00','2026-01-12 00:48:28','2026-01-12 00:48:28','Room','meeting_room_1_2f_right','euvy.marable.df@sanden-rs.com'),(120,'SPARE PARTS FOR MEETING',NULL,'2026-01-13 10:00:00','2026-01-13 10:30:00','2026-01-12 07:57:58','2026-01-12 07:57:58','Room','meeting_room_1_2f_right','vazzim.soriano.vs@sanden-rs.com'),(121,'MIS Budget Assessment 2026-2027','MIS Budget Assessment 2026-2027','2026-01-13 13:00:00','2026-01-13 14:30:00','2026-01-13 00:58:46','2026-01-13 00:58:46','Room','meeting_room_1_2f_right','jeffrey.salagubang.js@sanden-rs.com'),(122,'PETTY CASH VOUCHER SYSTEM DEMO','PETTY CASH VOUCHER SYSTEM DEMO','2026-01-16 09:00:00','2026-01-16 10:00:00','2026-01-13 02:31:56','2026-01-13 02:31:56','Room','meeting_room_1_2f_right','jeffrey.salagubang.js@sanden-rs.com'),(123,'REVIEW OF ACCOUNTS','REVIEW OF ACCOUNTS','2026-01-21 09:00:00','2026-01-21 11:00:00','2026-01-15 01:26:57','2026-01-15 01:26:57','Room','meeting_room_1_2f_right','mariel.reyes.mr@sanden-rs.com'),(124,'SCP New Directors and SDRS Partners Visit','Director\'s meeting and on on site operations observation.','2026-01-26 08:00:00','2026-01-30 16:00:00','2026-01-23 03:37:24','2026-01-23 03:37:24','Room','conference_room_1f','neil.olivera.no@sanden-rs.com'),(125,'Cold chain Sales Business Review Continuation',NULL,'2026-01-26 09:00:00','2026-01-26 12:50:00','2026-01-25 22:51:34','2026-01-25 22:51:34','Room','meeting_room_2_3f_right','emirlyn.palomillo.gi@sanden-rs.com'),(126,'Costimo','After sales and business discussion with Costimo','2026-01-26 10:00:00','2026-01-27 15:00:00','2026-01-25 23:02:46','2026-01-25 23:02:46','Visitors',NULL,'billy.manalo.nq@sanden-rs.com'),(127,'AR Discussion - Mega South','AR Discussion - Mega South','2026-01-26 09:00:00','2026-01-26 10:00:00','2026-01-26 00:56:14','2026-01-26 00:56:14','Room','meeting_room_1_2f_right','monette.salazar.ms@sanden-rs.com'),(128,'Audit meeting',NULL,'2026-01-27 10:00:00','2026-01-27 12:00:00','2026-01-26 03:16:01','2026-01-26 03:16:01','Room','meeting_room_1_2f_right','richie.rabandaban.rr@sanden-rs.com'),(130,'Finance Meeting','AR meeting, BIR rulings, Advances','2026-01-29 09:00:00','2026-01-29 15:00:00','2026-01-28 00:30:11','2026-01-28 00:30:11','Room','meeting_room_1_2f_right','monette.salazar.ms@sanden-rs.com'),(131,'Technical Meeting','Meeting with MCFT Service Provider','2026-01-30 10:00:00','2026-01-30 12:00:00','2026-01-29 00:17:05','2026-01-29 00:17:05','Room','meeting_room_1_2f_right','christian.alcantara.ut@sanden-rs.com'),(132,'Handbook Review 2026','Handbook Revision - HR, Sir Larry and Sir Fernan','2026-02-02 09:00:00','2026-02-02 11:00:00','2026-02-02 01:01:59','2026-02-02 01:01:59','Room','meeting_room_2_3f_right','neil.olivera.no@sanden-rs.com'),(133,'FINHR meeting',NULL,'2026-02-03 08:00:00','2026-02-03 12:00:00','2026-02-03 00:03:08','2026-02-03 00:03:08','Room','meeting_room_1_2f_right','richie.rabandaban.rr@sanden-rs.com'),(134,'SCM Reports','SCM Report','2026-02-06 11:00:00','2026-02-06 12:00:00','2026-02-06 01:51:13','2026-02-06 01:51:13','Room','meeting_room_1_2f_right','alvin.joven.fi@sanden-rs.com'),(135,'Finance meeting',NULL,'2026-02-06 13:30:00','2026-02-06 16:00:00','2026-02-06 05:40:49','2026-02-06 05:40:49','Room','meeting_room_1_2f_right','richie.rabandaban.rr@sanden-rs.com'),(136,'Cold Chain Sales Meeting',NULL,'2026-02-09 08:30:00','2026-02-09 09:30:00','2026-02-08 22:25:26','2026-02-08 22:25:26','Training & Seminars',NULL,'emirlyn.palomillo.gi@sanden-rs.com'),(137,'Aftersales Meeting','Aftersales Meeting','2026-02-09 08:30:00','2026-02-09 10:00:00','2026-02-09 00:21:49','2026-02-09 00:21:49','Room','conference_room_1f','christian.alcantara.ut@sanden-rs.com'),(138,'South Luzon Team Meeting','9am-12pmSouth Luzon AP, AR, and Sales Update,1-3pm Improvement of SAP SQ & Sanden App','2026-02-09 09:00:00','2026-02-09 15:00:00','2026-02-09 00:28:10','2026-02-09 00:28:10','Room','meeting_room_1_2f_right','rhea.villar.rv@sanden-rs.com'),(139,'FIRE SAFETY SEMINAR',NULL,'2026-02-10 09:00:00','2026-02-10 13:00:00','2026-02-09 05:06:52','2026-02-09 05:06:52','Training & Seminars',NULL,'nelson.cubio.nc@sanden-rs.com');
/*!40000 ALTER TABLE `events` ENABLE KEYS */;
UNLOCK TABLES;

--
-- Table structure for table `failed_jobs`
--

DROP TABLE IF EXISTS `failed_jobs`;
/*!40101 SET @saved_cs_client     = @@character_set_client */;
/*!50503 SET character_set_client = utf8mb4 */;
CREATE TABLE `failed_jobs` (
  `id` bigint unsigned NOT NULL AUTO_INCREMENT,
  `uuid` varchar(255) COLLATE utf8mb4_unicode_ci NOT NULL,
  `connection` text COLLATE utf8mb4_unicode_ci NOT NULL,
  `queue` text COLLATE utf8mb4_unicode_ci NOT NULL,
  `payload` longtext COLLATE utf8mb4_unicode_ci NOT NULL,
  `exception` longtext COLLATE utf8mb4_unicode_ci NOT NULL,
  `failed_at` timestamp NOT NULL DEFAULT CURRENT_TIMESTAMP,
  PRIMARY KEY (`id`),
  UNIQUE KEY `failed_jobs_uuid_unique` (`uuid`)
) ENGINE=InnoDB DEFAULT CHARSET=utf8mb4 COLLATE=utf8mb4_unicode_ci;
/*!40101 SET character_set_client = @saved_cs_client */;

--
-- Dumping data for table `failed_jobs`
--

LOCK TABLES `failed_jobs` WRITE;
/*!40000 ALTER TABLE `failed_jobs` DISABLE KEYS */;
/*!40000 ALTER TABLE `failed_jobs` ENABLE KEYS */;
UNLOCK TABLES;

--
-- Table structure for table `features`
--

DROP TABLE IF EXISTS `features`;
/*!40101 SET @saved_cs_client     = @@character_set_client */;
/*!50503 SET character_set_client = utf8mb4 */;
CREATE TABLE `features` (
  `id` bigint unsigned NOT NULL AUTO_INCREMENT,
  `name` varchar(255) COLLATE utf8mb4_unicode_ci NOT NULL,
  `description` varchar(255) COLLATE utf8mb4_unicode_ci DEFAULT NULL,
  `created_at` timestamp NULL DEFAULT NULL,
  `updated_at` timestamp NULL DEFAULT NULL,
  PRIMARY KEY (`id`),
  UNIQUE KEY `features_name_unique` (`name`)
) ENGINE=InnoDB AUTO_INCREMENT=29 DEFAULT CHARSET=utf8mb4 COLLATE=utf8mb4_unicode_ci;
/*!40101 SET character_set_client = @saved_cs_client */;

--
-- Dumping data for table `features`
--

LOCK TABLES `features` WRITE;
/*!40000 ALTER TABLE `features` DISABLE KEYS */;
INSERT INTO `features` VALUES (13,'features.delete','Delete Features','2025-07-27 21:04:48','2025-07-27 21:04:48'),(18,'features.assign','Feature Assign','2025-07-27 21:41:31','2025-07-27 21:41:31'),(19,'features.update_sftp_sql','Update Policy File','2025-07-27 21:48:55','2025-07-27 21:48:55'),(20,'features.upload_sftp_sql','Upload New Policy','2025-07-27 23:18:28','2025-07-27 23:18:28'),(21,'features.policy.delete','Policy Delete','2025-07-28 17:00:33','2025-07-28 17:00:33'),(22,'form.deposit','Deposit Form','2025-07-28 19:55:46','2025-07-28 19:55:46'),(23,'agenda.create','Create Agenda Calendar','2025-08-07 03:57:51','2025-08-07 03:57:51'),(24,'agenda.delete','Delete Agenda Calendar','2025-08-07 04:01:35','2025-08-07 04:01:35'),(25,'activities.create_view','Activity Create','2025-09-09 06:06:34','2025-09-09 06:06:34'),(26,'activities.listview','Activity List','2025-09-19 07:17:01','2025-09-19 07:17:01'),(27,'form.view.it','Form IT Request','2025-10-29 03:19:47','2025-10-29 03:19:47'),(28,'registration.wellness','Registration Wellness Form','2025-10-29 06:13:55','2025-10-29 06:13:55');
/*!40000 ALTER TABLE `features` ENABLE KEYS */;
UNLOCK TABLES;

--
-- Table structure for table `intranet_version`
--

DROP TABLE IF EXISTS `intranet_version`;
/*!40101 SET @saved_cs_client     = @@character_set_client */;
/*!50503 SET character_set_client = utf8mb4 */;
CREATE TABLE `intranet_version` (
  `id` bigint unsigned NOT NULL AUTO_INCREMENT,
  `version` varchar(255) COLLATE utf8mb4_unicode_ci NOT NULL,
  `updates` text COLLATE utf8mb4_unicode_ci NOT NULL,
  `date_release` date NOT NULL,
  `author` varchar(255) COLLATE utf8mb4_unicode_ci NOT NULL,
  `created_at` timestamp NULL DEFAULT NULL,
  `updated_at` timestamp NULL DEFAULT NULL,
  PRIMARY KEY (`id`)
) ENGINE=InnoDB AUTO_INCREMENT=3 DEFAULT CHARSET=utf8mb4 COLLATE=utf8mb4_unicode_ci;
/*!40101 SET character_set_client = @saved_cs_client */;

--
-- Dumping data for table `intranet_version`
--

LOCK TABLES `intranet_version` WRITE;
/*!40000 ALTER TABLE `intranet_version` DISABLE KEYS */;
INSERT INTO `intranet_version` VALUES (1,'1.0.0.0','Initial release of Sanden Intranet','2025-10-30','Jeffrey Salagubang',NULL,NULL),(2,'2.0.0.0','Initial release of IT Request','2025-11-07','Jeffrey Salagubang',NULL,NULL);
/*!40000 ALTER TABLE `intranet_version` ENABLE KEYS */;
UNLOCK TABLES;

--
-- Table structure for table `inventory_tbl`
--

DROP TABLE IF EXISTS `inventory_tbl`;
/*!40101 SET @saved_cs_client     = @@character_set_client */;
/*!50503 SET character_set_client = utf8mb4 */;
CREATE TABLE `inventory_tbl` (
  `id` bigint unsigned NOT NULL AUTO_INCREMENT,
  `computer_name` varchar(255) COLLATE utf8mb4_unicode_ci DEFAULT NULL,
  `cost` varchar(12) COLLATE utf8mb4_unicode_ci DEFAULT NULL,
  `purchase_date` varchar(255) COLLATE utf8mb4_unicode_ci DEFAULT NULL,
  `year` varchar(255) COLLATE utf8mb4_unicode_ci DEFAULT NULL,
  `user_name` varchar(255) COLLATE utf8mb4_unicode_ci DEFAULT NULL,
  `position` varchar(255) COLLATE utf8mb4_unicode_ci DEFAULT NULL,
  `dept_region` varchar(255) COLLATE utf8mb4_unicode_ci DEFAULT NULL,
  `brand_model` varchar(255) COLLATE utf8mb4_unicode_ci DEFAULT NULL,
  `serial_number` varchar(255) COLLATE utf8mb4_unicode_ci DEFAULT NULL,
  `tagged` varchar(255) COLLATE utf8mb4_unicode_ci DEFAULT NULL,
  `tag_date` varchar(255) COLLATE utf8mb4_unicode_ci DEFAULT NULL,
  `tagged_name` varchar(255) COLLATE utf8mb4_unicode_ci DEFAULT NULL,
  `os` varchar(255) COLLATE utf8mb4_unicode_ci DEFAULT NULL,
  `domain_name` varchar(255) COLLATE utf8mb4_unicode_ci DEFAULT NULL,
  `antivirus` varchar(255) COLLATE utf8mb4_unicode_ci DEFAULT NULL,
  `ms_office` varchar(255) COLLATE utf8mb4_unicode_ci DEFAULT NULL,
  `processor` varchar(255) COLLATE utf8mb4_unicode_ci DEFAULT NULL,
  `hdd` varchar(255) COLLATE utf8mb4_unicode_ci DEFAULT NULL,
  `ssd` varchar(255) COLLATE utf8mb4_unicode_ci DEFAULT NULL,
  `memory` varchar(255) COLLATE utf8mb4_unicode_ci DEFAULT NULL,
  `warranty` varchar(255) COLLATE utf8mb4_unicode_ci DEFAULT NULL,
  `monitor` varchar(255) COLLATE utf8mb4_unicode_ci DEFAULT NULL,
  `mouse` varchar(255) COLLATE utf8mb4_unicode_ci DEFAULT NULL,
  `bios_admin_password` varchar(255) COLLATE utf8mb4_unicode_ci DEFAULT NULL,
  `bios_user_password` varchar(255) COLLATE utf8mb4_unicode_ci DEFAULT NULL,
  `donated_disposed` varchar(255) COLLATE utf8mb4_unicode_ci DEFAULT NULL,
  `remarks` varchar(255) COLLATE utf8mb4_unicode_ci DEFAULT NULL,
  PRIMARY KEY (`id`)
) ENGINE=InnoDB AUTO_INCREMENT=184 DEFAULT CHARSET=utf8mb4 COLLATE=utf8mb4_unicode_ci;
/*!40101 SET character_set_client = @saved_cs_client */;

--
-- Dumping data for table `inventory_tbl`
--

LOCK TABLES `inventory_tbl` WRITE;
/*!40000 ALTER TABLE `inventory_tbl` DISABLE KEYS */;
INSERT INTO `inventory_tbl` VALUES (1,'LT-SCP01-2019','56000','19-May','2019','SERVICE UNIT','','MIS','LENOVO THINKPAD','S5CDGTF','YES','July-27-2023','LT-SCP01-2019','WIN 10','Sanden.NET','ESET','2019','INTEL I7','1 TB','N/A','16 GB','NONE','LENOVO THINKVISION 21\"','LOGITEC WIRELESS ','','','','PREVIOUSLY OWNED BY CHARLES GELOTIN'),(2,'LT-SCP02-2019','N/A','N/A','2019','DISPOSAL','','MIS','LENOVO IDEAPAD 130','MP1HA5EH','','','','WIN 10','Sanden.NET','ESET','2013','INTEL I3-7020U','1 TB','N/A','8 GB','1 YEAR','NONE','LOGITEC WIRELESS ','','','','DEFECTIVE (IT SERVICE PULLED OUT)'),(3,'LT-SCP03-2019','36700','19-Oct','2019','SERVICE UNIT','','MIS','HP 14S-CF1057TX','5CG93355MP','YES','July-27-2023','LT-SCP03-2019','WIN 10','Sanden.NET','ESET','2013','INTEL I5','1 TB','N/A','4 GB','NONE','NONE','LOGITEC WIRELESS ','','','','PREVIOUSLY OWNED BY RHIZA CAPATI'),(4,'LT-SCP04-2019','45920','19-Apr','2019','SERVICE UNIT','','FIN','LENOVO THINKPAD','PF1HSL0B','YES','July-27-2023','LT-SCP04-2019','WIN 10','Sanden.NET','ESET','2019','INTEL I5','1 TB','N/A','12 GB','NONE','NONE','LOGITEC WIRELESS ','Success2019','fhd06022021','','PREVIOUSLY OWNED BY FERNAN DICHOSO and MARK DE LEON'),(5,'LT-SCP05-2019','24000','19-Aug','2019','DISPOSAL','','MS','LENOVO IDEAPAD','FADED','NO','N/A','N/A','WIN 10','Sanden.NET','NONE','2013','INTEL I3','1 TB','N/A','4 GB','NONE','NONE','A4TECH','success2019','lenovo','FOR DISPOSAL','PREVIOUSLY OWNED BY ANGELITO DELA PAZ (Defective Keys)'),(6,'LT-SCP06-2019','N/A','N/A','2018','TRANFER OF OWNERSHIP','','MIS','LENOVO IDEAPAD 320','PF0XY0NJ','YES','','LT-SCP04-2019','WIN 10','Sanden.NET','ESET','2013','INTEL I5','500 GB','N/A','6 GB','NONE','NONE','A4TECH','success2019','lenovo','','PREVIOUSLY OWNED BYALVIN CAPUNO'),(7,'LT-SCP07-2019','N/A','N/A','2018','DAVAO TECHNICIAN','','DAV','LENOVO IDEAPAD 320','PF12NVLZ','','','','WIN 10','Sanden.NET','ESET','2013','INTEL I5','500 GB','N/A','4 GB','NONE','NONE','NONE','','','','PREVIOUSLY OWNED BY ELLA VILLA'),(8,'LT-SCP08-2019','N/A','N/A','2018','DARYL DELFIN','','DAV','LENOVO THINKPAD','PF-OTH9QY','YES','September-11-2023','LT-SCP08-2019','WIN 10','Sanden.NET','ESET','2019','INTEL I5','1 TB','N/A','4 GB','NONE','NONE','A4TECH','','','','PREVIOUSLY OWNED BY BEN ONE AND MA\'AM EMIRLYN'),(9,'LT-SCP09-2019','N/A','N/A','2017','DISPOSAL','','CC','LENOVO IDEAPAD 300','PF0FGEJ5','YES','September-11-2023','LT-SCP13-2019','WIN 8.1','Sanden.NET','NONE','2013','INTEL I7-6500','1 TB','N/A','4 GB','NONE','NONE','A4TECH','','','FOR DISPOSAL','PREVIOUSLY OWNED BY NEMICIO BALANI AND ADEL BARLAN'),(10,'LT-SCP10-2019','','N/A','2018','DISPOSAL','','SL','TOSHIBA TECRA','3E133598S','','','','WIN 7','Sanden.NET','ESET','2007','INTEL I5-3230','500 GB','N/A','4 GB','NONE','NONE','','','','DISPOSED (SEPTEMBER 2022)','PREVIOUSLY OWNED BY KENVYLOU PALLADO'),(11,'LT-SCP11-2019','N/A','N/A','2018','UNDECIDED','','MS','LENOVO IDEAPAD 320','PF0W3WW7','YES','August-30-2023','LT-SCP11-2019','WIN 10','Sanden.NET','ESET','2013','INTEL I3','500 GB','N/A','4 GB','NONE','NONE','CLIPTECH','success2019','lenovo','','PREVIOUSLY OWNED BY  MA\'AM BABYLYN'),(12,'LT-SCP12-2019','N/A','N/A','2018','DISPOSAL','','CC','DELL VOSTRO','G8FL7H2','','','','WIN 10','Sanden.NET','NONE','2013','INTEL I7','500 GB','N/A','8 GB','NONE','NONE','A4TECH','','','FOR DISPOSAL','PREVIOUSLY OWN BY CLARENCE PANAMBO'),(13,'LT-SCP13-2019','N/A','N/A','2019','DISPOSAL','','MIS','LENOVO IDEAPAD 330','PF17FVBS','YES','September-11-2023','LT-SCP13-2019','WIN 10','Sanden.NET','ESET','2013','INTEL I3','1 TB','N/A','4 GB','NONE','NONE','NONE','','','DISPOSED (SEPTEMBER 2022)','PREVIOUSLY OWNED BY NEMICIO BALANI'),(14,'LT-SCP14-2019','24500','19-Jan','2017','UNDECIDED','','WRTY','LENOVO IDEAPAD 330','PF17FN1C','YES','July-27-2023','LT-SCP14-2019','WIN 10','Sanden.NET','ESET','2013','INTEL I3 -7020U','1 TB','N/A','4 GB','NONE','NONE','A1TECH','success2019','lenovo','','PREVIOUSLY OWNED BY MARK GARCIA'),(15,'LT-SCP15-2019','N/A','N/A','2018','SERVICE UNIT','','MIS','LENOVO IDEAPAD 320','PF0RPLBT','YES','August-30-2023','LT-SCP15-2019','WIN 10','Sanden.NET','ESET','2013','INTEL I3','500 GB','N/A','4 GB','NONE','NONE','LENOVO','sanden123','lenovo','','PREVIOUSLY OWNED BY IAN LLANETA'),(16,'LT-SCP16-2019','N/A','N/A','2018','SERVICE UNIT','','NL','LENOVO IDEAPAD','PF0X7X5Q','','','','WIN 10','Sanden.NET','ESET','2013','INTEL I5','1 TB','N/A','6 GB','NONE','NONE','LOGITECH','success@2019','lenovo','','PREVIOUSLY OWNED BY JORDAN GALDONES'),(17,'LT-SCP17-2019','N/A','N/A','2018','DISPOSAL','','SL','HP DYNABOOK','5CD5510CWX','','','','WIN 10','Sanden.NET','NONE','2013','INTEL I5','1 TB','N/A','6 GB','NONE','NONE','LOGITECH','success@2019','lenovo','FOR DISPOSAL','PREVIOUSLY OWNED BY JULIETA ALCOS AND RHEA VILLA'),(18,'LT-SCP18-2019','N/A','N/A','2018','UNDECIDED','','NL','LENOVO IDEAPAD','PF0X7X5Q','','','','WIN 10','Sanden.NET','NONE','2013','INTEL I5','1 TB','N/A','6 GB','NONE','NONE','LOGITECH','success@2019','lenovo','','DEFECTIVE MOUSE PAD & SUBJECT FOR REPLACEMENT NEXT YEAR'),(19,'LT-SCP01-2020','N/A','N/A','2017','SERVICE UNIT','','HQ','LENOVO THINKPAD E480','PF0MC724','','','','WIN 10','Sanden.NET','NONE','2013','INTEL I5','1 TB','N/A','4 GB','NONE','NONE','HP','','','','PREVIOUSLY OWNED BY LARRY CRUZ and HAROLD DELA CRUZ'),(20,'LT-SCP02-2020','N/A','N/A','2016','DONATION','','MIS','TOSHIBA TECRA','2J070512H','','','','WIN 10','Sanden.NET','NONE','2013','INTEL I7','1 TB','N/A','4 GB','NONE','NONE','LOGITEC WIRELESS ','N/A','N/A','','PREVIOUSLY USED BY RAMIL BASCON'),(21,'LT-SCP03-2020','48000','18-Sep','2018','SERVICE UNIT','','MIS','LENOVO THINKPAD E480','SL10Q37361/ PF17XMUL','YES','August-30-2023','LT-SCP03-2020','WIN 10','Sanden.NET','ESET','2013','INTEL CORE I5','1 TB','N/A','8 GB','NONE','NONE','LOGITECH','','','','PREVIOUSLY USED BY JONATHAN LUCES & CASSANDRAE JOICE VILLAVERDE'),(22,'LT-SCP04-2020','N/A','N/A','2017','DONATION','','MIS','LENOVO IDEAPAD 330','FADED','','','','WIN 10','Sanden.NET','ESET','2013','INTEL I3-7020U','1 TB','N/A','4 GB','NONE','NONE','NONE','N/A','N/A','( DONATED TO NFSTI)','PREVIOUSLY USED BY CHRISTOPHER CARREON DEFECTIVE SELECTED KEYS (UNABLE TO PUT BIOS LOGIN) AND DANVEL'),(23,'LT-SCP05-2020','24000','19-Aug','2019','SERVICE UNIT','','CL','LENOVO IDEAPAD','MP1HA6S6','','','','WIN 10','Sanden.NET','ESET','2013','INTEL I3-7020U','1 TB','N/A','4 GB','NONE','NONE','NONE','success2019','lenovo','','PREVIOUSLY USED BY JOHN MARK SANTIAGO and TONY GONZALES(2ND)'),(24,'LT-SCP06-2020','24000','19-Aug','2019','TRANFER OF OWNERSHIP','','NL','LENOVO IDEAPAD 130','MP1HA9JF','','','','WIN 10','Sanden.NET','ESET','2013','INTEL I3-7020U','1 TB','N/A','8 GB','NONE','NONE','A4TECH','N/A','N/A','','PREVIOUSLY USED BY RODNEY CASTRO'),(25,'LT-SCP07-2020','39984','N/A','2018','KAREN MATARLO','','DAV','LENOVO IDEAPAD 320','PF12NMA8','','','','WIN 10','Sanden.NET','NONE','2013','INTEL i5-8250U','2 TB','N/A','4 GB','NONE','NONE','NONE','','','','RESIGNED'),(26,'LT-SCP08-2020','N/A','N/A','2018','SERVICE UNIT','','MIS','LENOVO G40-70','YB01144268','','','','WIN 10','Sanden.NET','ESET','2013','INTEL I5-4210U','512 GB','N/A','4 GB','NONE','NONE','NONE','success','lenovo','','PREVIOUSLY USED BY IRICK SALINAS'),(27,'LT-SCP09-2020','N/A','N/A','2018','DISPOSAL','','DAV','DELL P75G','4SJQ5H2','','','','WIN 10','Sanden.NET','NONE','2013','INTEL I7-7500U','500 GB','N/A','8GB','NONE','NONE','BANANA DIGITAL','','','','PREVIOUSLY OWNED BY BENJE OCA'),(28,'LT-SCP10-2020','N/A','N/A','2018','MARIA ADRENEE BATAG','','DAV','LENOVO IDEAPAD 330','PF1J0NER','','','','WIN 10','Sanden.NET','ESET','2013','INTEL I3-7020U','1 TB','N/A','4 GB','NONE','NONE','HYTAC','','','','PREVIOUSLY OWNED BY JOAN HEGRIMOSA (DEFECTIVE KEYS)'),(29,'LT-SCP11-2020','N/A','N/A','2018','TRANFER OF OWNERSHIP','','DAV','LENOVO IDEAPAD 320','PF0Z0TRD','','','','WIN 10','Sanden.NET','ESET','2013','INTEL I5','500 GB','N/A','4 GB','NONE','NONE','N. LOGIC','','','','PREVIOUSLY OWNED BY ESTHER REQUINTA'),(30,'LT-SCP12-2020','N/A','N/A','2015','TRANFER OF OWNERSHIP','','DAV','HP PROBOOK 430 G2','CND5191H3B','','','','WIN 7','Sanden.NET','ESET','2013','INTEL I5-5200U','500 GB','N/A','4GB','NONE','NONE','NONE','','','','PREVIOUSLY USED BY GERALD GERSALINA'),(31,'LT-SCP13-2020','N/A','N/A','2018','DONATION','','MIS','DELL INSPIRON 15-7559','4Y04KD2','','','','WIN 8.1','Sanden.NET','ESET','2013','INTEL I7','1 TB','N/A','8 GB','NONE','NONE','HP TRAVEL','','','','PREVIOUSLY USED BY EDMAR FERNANDEZ'),(32,'LT-SCP14-2020','24500','19-Jul','2019','DISPOSAL','','CB','LENOVO IDEAPAD','MP1HA94J.','YES','June-22-2023','LT-SCP14-2020','WIN 10','Sanden.NET','NONE','2013','INTEL I3-7020U','1 TB','N/A','8 GB','NONE','NONE','NONE','','','','PREVIOUSLY USED BY ROMERIE LACO NO HDD and RAM'),(33,'LT-SCP15-2020','N/A','N/A','2018','DISPOSAL','','CB','LENOVO IDEAPAD 320','FADED','YES','June-22-2023','LT-SCP15-2020','WIN 10','Sanden.NET','ESET','2013','INTEL I3','500 GB','N/A','4 GB','NONE','NONE','HYTAC','','','','PREVIOUSLY USED BY CHERRY ESTARES NO HDD and RAM'),(34,'LT-SCP16-2020','N/A','N/A','2018','JORDAN GALDONES (Safe Keep)','','CB','LENOVO IDEAPAD','FADED','','','','WIN 10','Sanden.NET','ESET','2013','INTEL I5-7200U','1 TB','N/A','6 GB','NONE','NONE','A4TECH','','','','DEFECTIVE KEYBOARD \"P\" PREVIOUSLY USED BY RITCHIE DIA UNA'),(35,'LT-SCP17-2020','N/A','N/A','2018','DISPOSAL','','CB','LENOVO IDEAPAD 310','FPF0M8N9B','','','','WIN 10','Sanden.NET','NONE','2013','INTEL I5-7200U','1 TB','N/A','6 GB','NONE','NONE','NONE','','','','PREVIOUSLY OWNED BYJOYCE REUYAN (BROKEN HINGE) NO HDD and RAM'),(36,'LT-SCP18-2020','N/A','N/A','2018','DISPOSAL','','CB','LENOVO IDEAPAD 320','PF0XJEH3','','','','WIN 10','Sanden.NET','NONE','2013','INTEL I5','1 TB','N/A','4 GB','NONE','NONE','A4TECH','','','DISPOSED','PREVIOUSLY OWNED BY LEVIE LERASAN (DAMAGED BY CEBU TYPHOON)'),(37,'LT-SCP19-2020','N/A','N/A','2018','DISPOSAL','','DAV','LENOVO IDEAPAD 320','PFOTAMPJ','','','','WIN 10','Sanden.NET','ESET','2013','INTEL I5','1 TB','N/A','6 GB','NONE','NONE','PROMATE','','','','PREVIOUSLY OWNED BY ABE QUILINGUING NO HDD and RAM'),(38,'LT-SCP20-2020','N/A','N/A','2018','JORDAN GALDONES (Safe Keep)','','CB','LENOVO IDEAPAD 310','PF0MCZ24','','','','WIN 10','Sanden.NET','ESET','2013','INTEL I5-7200U','1 TB','N/A','6 GB','NONE','NONE','A4TECH','','','','PREVIOUSLY OWNED BY GLADYS BULAMBOT'),(39,'LT-SCP21-2020','N/A','N/A','2017','JOLLEN BALDECANAS(OLD UNIT) FOR CHECKING','','CB','LENOVO IDEAPAD 320 80XL','PF97528D42','','','','WIN 8.1','Sanden.NET','ESET','2013','INTEL I5-6200U','500 GB','N/A','4 GB','NONE','NONE','A4TECH','','','','OK'),(40,'LT-SCP22-2020','','N/A','2018','SERVICE UNIT','','MS','LENOVO IDEA PAD','','','','','WIN 10','Sanden.NET','ESET','2013','INTEL I3 -7020U','1 TB','N/A','4 GB','NONE','NONE','','','','','PREVIOUSLY OWNED BAY CELESTIAL BERAN'),(41,'LT-SCP23-2020','N/A','N/A','2017','SERVICE UNIT','','NL','LENOVO IDEAPAD','PF17FJWN','','','','WIN 10','Sanden.NET','ESET','2013','INTEL I3-7020U','1TB','N/A','4 GB','NONE','NONE','NONE','','','','PREVIOUSLY USED BY 1.KANE CYRIL GONZALES  2. NERILYN QUIMSON'),(42,'LT-SCP24-2020','N/A','N/A','2012','FOR CHECKING','','NL','LENOVO THINKPAD EDGE S4330','MPILY3M','','','','WIN 10','Sanden.NET','ESET','2013','INTEL I5','1 TB','N/A','4 GB','NONE','NONE','NONE','','','','PREVIOUSLY OWNED BY RHEA VILLAR AND EDGARDO HORTILANO JR'),(43,'LT-SCP25-2020','','N/A','2018','DISPOSAL','','CC','DELL VOSTRO','','','','','','','','','','','','','','','','','','DISPOSED (SEPTEMBER 2022)','PREVIOUSLY OWNED BY NOEL MENDOZA (DISPOSED)'),(44,'LT-SCP26-2020','N/A','N/A','2016','DISPOSAL','','DAV','LENOVO G40-80','PF098BV7','','','','WIN 8.1','Sanden.NET','ESET','2007','INTEL I5-5200U','500 GB','N/A','4 GB','NONE','NONE','NONE','','','FOR DISPOSAL','PREVIOUSLY OWNED BY NUL JAI'),(45,'LT-SCP27-2020','24000','19-Aug','2019','DONATION','','CL','LENOVO IDEAPAD','MP1HAAK8','','','','WIN 10','Sanden.NET','ESET','2013','INTEL I3 -7020U','1 TB','N/A','4 GB','NONE','NONE','A4TECH','success2019','lenovo','','PREVIOUSLY OWNED BY MICKO PANADO'),(46,'LT-SCP28-2020','N/A','N/A','2015','DONATION','','NL','HP DYNABOOK','FADED','','','','WIN 10','Sanden.NET','ESET','2013','INTEL I5-5200U','1 TB','N/A','4 GB','NONE','NONE','NONE','success@2019','N/A','DONATED TO NFSTI','PREVIOUSLY OWNED BY RYAN GABUYO '),(47,'LT-SCP29-2020','N/A','N/A','2014','DONATION','','MIS','LENOVO IDEAPAD','YB04482037','YES','August-11-2023','LT-SCP29-2020','WIN 7','Sanden.NET','ESET','2013','INTEL I5-4210U','500GB','N/A','4 GB','NONE','NONE','A4TECH','','','FOR DONATION','PREVIOUSLY USED BY LOIDA BANTIGUE'),(48,'LT-SCP30-2020','24000','19-Aug','2019','TRANFER OF OWNERSHIP','','HQ','LENOVO IDEAPAD 130','MP1HA7LA','YES','August-11-2023','LT-SCP30-2020','WIN 10','Sanden.NET','ESET','2013','INTEL I3 -7020U','1 TB','N/A','8 GB ','NONE','NONE','A4TECH','','','','PREVIOUSLY USED BY RICKY SALAMANTE'),(49,'LT-SCP31-2020','N/A','N/A','2018','SERVICE UNIT','','MIS','DELL VOSTRO','G8FT7H2','YES','August-11-2023','LT-SCP31-2020','WIN 10','Sanden.NET','NONE','2013','INTEL I7','1 TB','N/A','8 GB','NONE','NONE','A4TECH','sanden123','dell','','PREVIOUSLY USED BY CHRISTIAN ALCANTARA'),(50,'LT-SCP32-2020','N/A','N/A','-','OSAMU IKEDA','','EXEC','TOHSIBA','6G084152H','YES','June-9-2023','LT-SCP32-2020','WIN 10','Sanden.NET','ESET','2019','INTEL I5','125 GB','N/A','4 GB','NONE','NONE','NONE','','','','OK'),(51,'LT-SCP33-2020','45920','19-Apr','2019','SERVICE UNIT','','SCM','LENOVO THINKPAD E480','PF1HSEU6','YES','July-27-2023','LT-SCP33-2020','WIN 10','Sanden.NET','ESET','2019','INTEL I5','1 TB','N/A','8 GB','NONE','NONE','NONE','','','','PREVIOUSLY USED BY JAY AR REMARIM'),(52,'LT-SCP34-2020','N/A','N/A','2015','DISPOSAL','','WRTY','LENOVO Z40-70','YB06936860','WIN 7','Sanden.NET','NONE','2007','INTEL I5-4210U','500 GB','N/A','4 GB','NONE','NONE','NONE','N/A','N/A','JOANA PABILLO OLD UNIT','','','FOR DISPOSAL','PREVIOUSLY USED BY JOANA PABILLO'),(53,'LT-SCP35-2020','37500','20-Aug','2020','SERVICE UNIT','','MIS','LENOVO IDEAPAD 3','PF29BZYE','YES','June-9-2023','LT-SCP35-2020','WIN 10','Sanden.NET','ESET','2013','INTEL I5','1TB','256GB','4GB','NONE','NONE','TRAVEL WHEEL MOUSE','','','','PREVIOUSLY USED BY Alvin Joven'),(54,'LT-SCP36-2020','37500','20-Aug','2020','DISPOSAL','','CC','LENOVO IDEAPAD 3','PF29C8JZ','YES','June-9-2023','LT-SCP36-2020','WIN 10','Sanden.NET','ESET','2013','INTEL I5','1TB','256GB','8GB','NONE','NONE','A4TECH','sanden123','lenovo','','PREVIOUSLY USED BY JOLINA GERMINA AND MIKHU MAGBITANG AND RENNIEL CAPUSO'),(55,'LT-SCP37-2020','55000','20-Jun','2020','BENEFIT','','EXEC','DELL INSPIRON 15 5000','9NN8KT2','','','','WIN 10','Sanden.NET','ESET','2019','INTEL I7','1 TB','128 GB','8 GB','NONE','NONE','LOGITECH WIRELESS','','','DUE TO RETRENCH','PREVIOUSLY USED BY RAMIL BASCON'),(56,'LT-SCP38-2020','55000','20-Jun','2020','TRANFER OF OWNERSHIP','','WTY','DELL INSPIRON 15 5000','9SN8KT2','YES','June-9-2023','LT-SCP38-2020','WIN 10','Sanden.NET','ESET','2019','INTEL I7','1 TB','128 GB','8 GB','NONE','NONE','FROM OLD LAPTOP','success2019','dell','','PREVIOUSLY USED BY JULIUS APIGO'),(57,'LT-SCP39-2020','55000','20-Jun','2020','EUVY ANGELO MARABLE','','MIS','DELL INSPIRON 15 5000','CPN8KT2','YES','June-9-2023','LT-SCP39-2020','WIN 10','Sanden.NET','ESET','2019','INTEL I7-8565U','1 TB','128 GB','12 GB','NONE','LENOVO THINKVISION 21\"','LENOVO','sanden123','dell','','SWAP LAPTOP TO DESKTOP AND REPLACE YCA DESKTOP WITH EUVY DESKTOP'),(58,'LT-SCP40-2020','N/A','N/A','2018','SERVICE UNIT','','MIS','LENOVO IDEAPAD 320 80XL','PF97528D42','YES','June-13-2023','LT-SCP40-2020','WIN 10','Sanden.NET','ESET','2013','INTEL I7','2 TB','N/A','8 GB','NONE','NONE','NONE','N/A','N/A','','PREVIOUSLY USED BY JULIUS APIGO'),(59,'LT-SCP41-2020','','','2015','DISPOSAL','','MS','LENOVO  Z40-70','YB06851224','WIN','Sanden.NET','ESET','WIN 10','INTEL I5','500 GB','N/A','4  GB','NONE','NONE','NONE','FOR REPLACEMENT BATTERY','','','','','FOR DISPOSAL','PREVIOUSLY USED BY ROWEL JUMAQUIO'),(60,'LT-SCP42-2020','55000','20-Jun','2020','UNDECIDED','','CC','DELL INSPIRON 15 5000','SNN8KT2','YES','June-13-2023','LT-SCP42-2020','WIN 10','Sanden.NET','NONE','2019','INTEL I7','1 TB','128 GB','8 GB','NONE','NONE',' NONE','sanden123','dell','','PREVIOUSLY USED BY ALMAR MARUGGAY'),(61,'LT-SCP43-2020','N/A','N/A','2020','DISPOSAL','','WRTY','LENOVO THINKPAD','PF1LRMJU','','','','WIN 10','Sanden.NET','NONE','2013','INTEL I7-7500U','1 TB','N/A','8 GB','NONE','NONE','A4TECH','success2019','lenovo','FOR DISPOSAL','PREVIOUSLY USED BY NOEL BUSTAMANTE'),(62,'LT-SCP44-2020','N/A','N/A','2010','DONATION','','CL','HP PROBOOK 430','1588-3003','','','','WIN 7','Sanden.NET','NONE','2013','INTEL I5','500 GB','N/A','4 GB','NONE','NONE','NONE','','','DONATED TO NFSTI','PREVIOUSLY USED BY MARK DELOS REYES'),(63,'LT-SCP45-2020','N/A','N/A','2018','SERVICE UNIT','','MIS','LENOVO IDEAPAD 80XL','PF0ULKQG','','June-13-2023','LT-SCP45-2020','WIN 10','Sanden.NET','NONE','2013','INTEL I7-7500','1 TB','N/A','4 GB','NONE','NONE','A1TECH','N/A','N/A','','PREVIOUSLY USED BY CELESTIAL BERAN'),(64,'LT-SCP46-2020','N/A','N/A','2018','SERVICE UNIT','','CC','DELL VOSTRO','GL2W7H2','YES','June-13-2023','LT-SCP46-2020','WIN 10','Sanden.NET','ESET','2013','INTEL I7','500 GB','N/A','8 GB','NONE','LENOVO THINKVISION 18\"','NONE','','','','PREVIOUSLY USED BY ROBERT ALPAJARO and ADEL BARLAN(2nd)'),(65,'LT-SCP47-2020','N/A','N/A','2017','DONATION','','MS','LENOVO IDEAPAD 330','PF17NAUS','YES','August-30-2023','LT-SCP47-2020','WIN 10','Sanden.NET','ESET','2013','INTEL I3','1 TB','N/A','4 GB','NONE','NONE','TRAVEL WHEEL MOUSE','success2019','lenovo','','PREVIOUSLY OWNED BY KENVYLOU'),(66,'LT-SCP48-2020','37913','20-Sep','2020','TRANFER OF OWNERSHIP','','WTY','LENOVO IDEAPAD 3','PF2DA0CQ','YES','June-8-2023','LT-SCP48-2020','WIN 10','Sanden.NET','ESET','2013','INTEL I5','1 TB','125 GB','8 GB','NONE','NONE','LENOVO','sanden123','lenovo','','PREVIOUSLY OWNED BY JOANA PABILLO'),(67,'LT-SCP49-2020','37913','20-Sep','2020','TRANFER OF OWNERSHIP','','FIN','LENOVO IDEAPAD 3','','YES','June-8-2023','LT-SCP49-2020','WIN 10','Sanden.NET','ESET','2013','INTEL I5','1 TB','125 GB','12 GB','NONE','NONE','TRAVEL WHEEL MOUSE','sanden123','lenovo','','PREVIOUSLY USED BY MAICA HERNANDEZ & JOLINA GERMINA'),(68,'LT-SCP50-2020','37913','20-Sep','2020','MONETTE SALAZAR','','FIN','LENOVO IDEAPAD 3','PF2D7VAS','YES','June-13-2023','LT-SCP50-2020','WIN 10','Sanden.NET','ESET','2013','INTEL I5','1 TB','125 GB','8 GB','NONE','NONE','TRAVEL WHEEL MOUSE','sanden123','lenovo','','OK'),(69,'LT-SCP51-2020','37913','20-Sep','2020','TRANFER OF OWNERSHIP','','MS','LENOVO IDEAPAD 3','PF2D91S2','YES','June-13-2023','LT-SCP51-2020','WIN 10','Sanden.NET','ESET','2013','INTEL I5','1 TB','125 GB','8 GB','NONE','NONE','NONE','','','','PREVIOUSLY USED BY  JULIETA ALCOS'),(70,'LT-SCP52-2020','24000','20-Sep','2020','DISPOSAL','','MIS','LENOVO IDEAPAD 3','PF2D9QMD','YES','June-9-2023','LT-SCP52-2020','WIN 10','Sanden.NET','ESET','2013','INTEL I5','1 TB','125 GB','8 GB','NONE','NONE','TRAVEL WHEEL MOUSE','','','','PREVIOUSLY USED BY  KEAM VELOSO'),(71,'LT-SCP53-2020','44166','20-Dec','2020','JUN PEROCHO','','DAV','LENOVO IDEAPAD 3','PF2913BS','','','','WIN 10','Sanden.NET','ESET','2013','INTEL I5-1035G4','1 TB','125 GB','4 GB','NONE','NONE','A4TECH','','','','OK'),(72,'LT-SCP54-2020','44166','20-Dec','2020','NICOLAI ASISTIDO','','DAV','LENOVO IDEAPAD 3','PF293RHE','','','','WIN 10','Sanden.NET','ESET','2013','INTEL I5-1035G4','1 TB','125 GB','4GB ','NONE','NONE','A4TECH','','','','PREVIOUSLY USED BY JUMAR JAMINDANG'),(73,'LT-SCP55-2020','44166','20-Dec','2020','PEARL PACILAN','','DAV','LENOVO IDEAPAD 3','PF2934MB','','','','WIN 10','Sanden.NET','ESET','2013','INTEL I5-1035G4','1 TB','125 GB','4GB ','NONE','NONE','A4TECH','','','','PREVIOUSLY USED BY NUL JAI'),(74,'LT-SCP01-2021','36211','FEBUARY 2021','2021','NEMESIS GODOY','','FIN','LENOVO IDEAPAD 3 (81WE)','PF1WWC7W','YES','June-8-2023','LT-SCP01-2021','WIN 10','Sanden.NET','ESET','2013','INTEL I5-1035G1','1 TB','256 GB','4GB ','1 YEAR','NONE','THINKPAD','sanden123','lenovo','','PREVIOUSLY USED BY KLARRISSE LANTICAN'),(75,'LT-SCP02-2021','36211','FEBUARY 2021','2021','SERVICE UNIT','','MIS','LENOVO IDEAPAD 3 (81WE)','PF1WY11H','YES','June-8-2023','LT-SCP02-2021','WIN 10','Sanden.NET','ESET','2013','INTEL I5-1035G1','1 TB','256 GB','4GB ','1 YEAR','NONE','NONE','success2019','lenovo','','PREVIOUSLY USED BY JOSEF MAMARADLO AND GERRYCA JOVES'),(76,'LT-SCP03-2021','36211','FEBUARY 2021','2021','JOSUAH REPOMANTA','','CC','LENOVO IDEAPAD 3 (81WE)','PF1WX1HL','YES','June-8-2023','LT-SCP03-2021','WIN 10','Sanden.NET','ESET','2013','INTEL I5-1035G1','1 TB','256 GB','4GB ','1 YEAR','NONE','NONE','sanden123','lenovo','','PREVIOUSLY USED BY ARVIN SAUNAR'),(77,'LT-SCP04-2021','36211','21-Mar','2021','RJ KENNETH BATAYON','','FIN','LENOVO IDEAPAD 3 (81WE)','PF1WXAKV','YES','June-8-2023','LT-SCP04-2021','WIN 10','Sanden.NET','ESET','2013','INTEL I5-1035G1','1 TB','256 GB','8GB ','1 YEAR','NONE','NONE','','','','PREVIOUSLY USER BY JOHN LOUIE GAVINO'),(78,'LT-SCP05-2021','37913','21-Mar','2021','JOYCE ANNE DELA CRUZ','','CL','LENOVO IDEAPAD 3 (81WE)','PF1WY393','','','','WIN 10','Sanden.NET','ESET','2013','INTEL I5-1035G1','1 TB','256 GB','8GB','1 YEAR','NONE','NONE','success2019','lenovo','','OK'),(79,'LT-SCP06-2021','37913','21-Mar','2021','JOHN CHAVEZ','','CB','LENOVO IDEAPAD 3 (81WE)','PF1WEEDV','YES','June-8-2023','LT-SCP06-2021','WIN 10','Sanden.NET','ESET','2013','INTEL I5-1035G1','1 TB','256 GB','8GB','1 YEAR','NONE','NONE','','','','PREVIOUSLY USED BY NICK FLORES'),(80,'LT-SCP07-2021','36211','21-Mar','2021','SABRINA MOSQUERA','','SCM','LENOVO IDEAPAD 3 (81WE)','PF1WWG1D','YES','June-8-2023','LT-SCP07-2021','WIN 10','Sanden.NET','ESET','2013','INTEL I5-1035G1','1 TB','256 GB','8GB','1 YEAR','NONE','NONE','sanden123','lenovo','','OK'),(81,'LT-SCP08-2021','45570','21-Mar','2021','LARRY CRUZ','','EXEC','DELL INSPIRON 3501','D12TGB3','YES','June-8-2023','LT-SCP08-2021','WIN 10','Sanden.NET','ESET','2013','INTEL I7-116567','1 TB','512 GB','8GB','1 YEAR','NONE','NONE','','','','OK'),(82,'LT-SCP09-2021','37913','21-Mar','2021','NEIL OLIVERA','','HRAD','LENOVO IDEAPAD 3 (81WE)','PF1WWNT6','YES','June-9-2023','LT-SCP09-2021','WIN 10','Sanden.NET','ESET','2013','INTEL I5-1035G1','1 TB','256 GB','8GB','1 YEAR','NONE','NONE','sanden123','lenovo','','PREVOUSLY USED BY CYRELLE MERCADO'),(83,'LT-SCP10-2021','37913','21-Mar','2021','RHEA VILLAR','','MS','LENOVO IDEAPAD 3 (81WE)','PF1WXNVM','YES','June-8-2023','LT-SCP10-2021','WIN 10','Sanden.NET','ESET','2013','INTEL I5-1035G1','1 TB','256 GB','8GB','1 YEAR','NONE','NONE','sanden123','lenovo','','OK'),(84,'LT-SCP11-2021','37913','21-Mar','2021','KANE CYRIL GONZALES','','HQ','LENOVO IDEAPAD 3 (81WE)','PF1WYFNM','','','','WIN 10','Sanden.NET','ESET','2013','INTEL I5-1035G1','1 TB','256 GB','8GB','1 YEAR','NONE','NONE','','','','PREVOUSLY USED BY KANE CYRIL GONZALES'),(85,'LT-SCP12-2021','45570','21-Mar','2021','BENEFIT','','PULLEDOUT','DELL INSPIRON 3501','52RSGB3','','','','WIN 10','Sanden.NET','ESET','2013','INTEL I7-116567','1 TB','256 GB','8GB','1 YEAR','NONE','NONE','success2019','dell','DUE TO RETRENCH','PREVOUSLY USED BY TANYA TICZON'),(86,'LT-SCP13-2021','37913','21-Mar','2021','MARY JOY M. CINCO','','FIN','LENOVO IDEAPAD 3 (81WE)','PF1WWLMX','YES','June-8-2023','LT-SCP13-2021','WIN 10','Sanden.NET','ESET','2013','INTEL I5-1035G1','1 TB','512GB','8GB','1 YEAR','NONE','NONE','','','','OK'),(87,'LT-SCP14-2021','45570','21-Mar','2021','EDD BRANDON MALABANAN','','CC','DELL INSPIRON 3501','7GZSGB3','YES','June-8-2023','LT-SCP14-2021','WIN 10','Sanden.NET','ESET','2013','INTEL I7-116567','1TB','512 GB','8GB','1 YEAR','NONE','NONE','sanden123','dell','','PREVIOUSLY USED BY ROBERT ALPAJARO'),(88,'LT-SCP15-2021','45570','21-Mar','2021','DANICA ANIDO','','LOG','LENOVO IDEAPAD 3 (81WE)','PF1WWT04','YES','June-8-2023','LT-SCP15-2021','WIN 10','Sanden.NET','ESET','2013','INTEL I5-1035G1','1 TB','256GB','8GB','1 YEAR','NONE','NONE','','','','OK'),(89,'LT-SCP16-2021','37913','30-Apr-21','2021','RONALYN PULUTAN','','LOG','LENOVO IDEAPAD 3 (81WE)','PFWW96H','YES','June-8-2023','LT-SCP16-2021','WIN 10','Sanden.NET','ESET','2019','INTEL I5-1035G1','1 TB','256GB','8GB','1 YEAR','NONE','NONE','','','','OK'),(90,'LT-SCP17-2021','37913','30-Apr-21','2021','MARK DELOS REYES','','HQ','LENOVO IDEAPAD 3 (81WE)','PF1WXLX2','YES','August-11-2023','LT-SCP17-2021','WIN 10','Sanden.NET','ESET','2019','INTEL I5-1035G1','1 TB','256GB','8GB','1 YEAR','NONE','NONE','','','','OK'),(91,'LT-SCP18-2021','37913','30-Apr-21','2021','BILLY JOEL MANALO','','CC','LENOVO IDEAPAD 3 (81WE)','PF1WWVN8','YES','June-8-2023','LT-SCP18-2021','WIN 10','Sanden.NET','ESET','2019','INTEL I5-1035G1','1 TB','256GB','8GB','1 YEAR','NONE','NONE','','','','OK'),(92,'LT-SCP19-2021','37913','30-Apr-21','2021','DISPOSAL','','CL','LENOVO IDEAPAD 3 (81WE)','PF1WX11P','','','','WIN 10','Sanden.NET','ESET','2019','INTEL I5-1035G1','1 TB','256GB','8GB','1 YEAR','NONE','NONE','','','','PREVIOUSLY USED BY JON EDWARD ALHAMBRA'),(93,'LT-SCP20-2021','37913','30-Apr-21','2021','LUEL MONDEJAR','','CB','HP NOTEBOOK','5CG1034061','YES','June-22-2023','LT-SCP20-2021','WIN 10','Sanden.NET','ESET','2019','INTEL I3-10110U','1 TB','128GB','4GB','1 YEAR','NONE','NONE','','','','PREVIOUSLY USED BY JAN EARL FRANCISCO'),(94,'LT-SCP21-2021','37913','30-Apr-21','2021','ANGELIE POSTRERO','','PUR','LENOVO IDEAPAD 3 (81WE)','PF1WY88Z','YES','June-8-2023','LT-SCP21-2021','WIN 10','Sanden.NET','ESET','2019','INTEL I5-1035G1','1 TB','256GB','8GB','1 YEAR','NONE','NONE','','','','PREVIOUSLY USED BY (1ST) ROWEL JUMAQUIO AND (2ND) MARIEL JAVIER'),(95,'LT-SCP22-2021','37913','30-Apr-21','2021','LEVIE LERASAN','','CB','HP 14S-CF2xxx','5CG1033K07','','','','WIN 10','','','2019','','','','','','','','','','','PREVIOUSLY USED BY MARK ANTHONY SUSON'),(96,'LT-SCP23-2021','26400','10-Jun-21','2021','JAY MEDELLIN','','CB','HP NOTEBOOK','5CG1032WKN','YES','Sept-3-2024','LT-SCP23-2021','WIN 10','Sanden.NET','ESET','2019','INTEL I3-10110U','1 TB','128GB','4GB','1 YEAR','NONE','NONE','','','','PREVIOUSLY USED BY JOYCE REUYAN'),(97,'LT-SCP24-2021','61000','22-Oct-19','2021','ALMAR MARUGGAY','','CC','DELL INSPIRON 15 5500','4KSDGG3','','','','WIN 10','Sanden.NET','ESET','2019','INTEL I7-11370H','NONE','512GB','8GB','1 YEAR','NONE','NONE','Success2019','dell','','OK'),(98,'LT-SCP25-2021','61000','22-Oct-19','2021','CHRISTIAN ALCANTARA','','CC','DELL INSPIRON 15 5500','1KSDGG3','YES','September-11-2023','LT-SCP25-2021','WIN 10','Sanden.NET','ESET','2019','INTEL I7-11370H','NONE','512GB','8GB','1 YEAR','NONE','NONE','Success2019','dell','','OK'),(99,'LT-SCP26-2021','','22-Oct-19','2021','CLARENCE PANAMBO','','CC','DELL INSPIRON 15 5500','8B2BPH3','YES','September-11-2023','LT-SCP26-2021','WIN 10','Sanden.NET','ESET','2019','INTEL I7-11370H','NONE','512GB','8GB','1 YEAR','NONE','NONE','Success2019','dell','','OK'),(100,'LT-SCP01-2022','39281','22-Jan','2022','EMIRLYN PALOMILLO','','CC','LENOVO IDEAPAD 3 (81WE)','PF32YP20','YES','August-11-2023','LT-SCP01-2022','WIN 10','Sanden.NET','ESET','2019','INTEL I5-1135G7','NONE','512GB','8GB','1 YEAR','NONE','NONE','','','','NEW'),(101,'LT-SCP02-2022','39281','22-Jan','2022','MART JOSHUA LANTICAN','','CC','LENOVO IDEAPAD 3 (81WE)','PF32VRMT','YES','August-11-2023','LT-SCP02-2022','WIN 10','Sanden.NET','ESET','2019','INTEL I5-1135G7','NONE','512GB','8GB','1 YEAR','NONE','NONE','Success2019','dell','','NEW'),(102,'LT-SCP03-2022','39281','22-Jan','2022','SERVICE UNIT','','CC','LENOVO IDEAPAD 3 (81WE)','PF32VG0T','YES','August-11-2023','LT-SCP03-2022','WIN 10','Sanden.NET','ESET','2019','INTEL I5-1135G7','NONE','512GB','8GB','1 YEAR','NONE','NONE','','','','PREVIOUSLY USED BY JADEENREV MONTANO'),(103,'LT-SCP04-2022','39281','22-Mar','2022','JAMAICA BUCU','','CL','LENOVO IDEAPAD 3 (81WE)','PF3F9BSB','','','','WIN 10','Sanden.NET','ESET','2019','INTEL I5-1135G7','NONE','512GB','8GB','1 YEAR','NONE','NONE','success2019','lenovo','','PREVIOUSLY USED BY BONIFACIO HERAMIS'),(104,'LT-SCP05-2022','39281','22-Mar','2022','WILLIAM LLOSALA','','MS','LENOVO IDEAPAD 3 (81WE)','PF3FMAFN','','','','WIN 10','Sanden.NET','ESET','2019','INTEL I5-1135G7','NONE','512GB','8GB','1 YEAR','NONE','NONE','success2019','lenovo','','NEW'),(105,'LT-SCP06-2022','69000','22-Mar','2022','FERNAN DICHOSO','','FIN','DELL INSPIRON 5 SERIES',' ','','','','WIN 10','Sanden.NET','NONE','2019','INTEL I5-1135G7','NONE','512GB','8GB','1 YEAR','NONE','NONE','','','','NEW'),(106,'LT-SCP07-2022','','22-Mar','2022','ROBERT ALPAJARO','','CC','DELL INSPIRON','YX03ENYY','YES','August-11-2023','LT-SCP07-2022','WIN 10','Sanden.NET','ESET','2013','INTEL CELERON?','NONE','512GB','8GB','1 YEAR','NONE','NONE','success2019','lenovo','','NEW'),(107,'LT-SCP08-2022','','22-Mar','2022','VAZZIM  SORIANO','','WTY','LENOVO IDEAPAD 3 (81WE)','PF3F6ENM','YES','July-27-2023','LT-SCP08-2022','WIN 10','Sanden.NET','ESET','2019','INTEL I5-1135G7','NONE','512GB','8GB','1 YEAR','NONE','NONE','success2019','lenovo','','PREVIOUSLY USED BY JEFFERSON CASTULO'),(108,'LT-SCP09-2022','','22-Mar','2022','NELSON CUBIO','','HRAD','LENOVO IDEAPAD 3 (81WE)','PF3FLZSP','YES','July-27-2023','LT-SCP09-2022','WIN 10','Sanden.NET','ESET','2019','INTEL I5-1135G7','NONE','512GB','8GB','1 YEAR','NONE','NONE','success2019','lenovo','','NEW'),(109,'LT-SCP10-2022','','22-Mar','2022','DEN MARK AMURAO','','PUR','LENOVO IDEAPAD 3 (81WE)','PF3FL99T','YES','July-27-2023','LT-SCP10-2022','WIN 10','Sanden.NET','ESET','2019','INTEL I5-1135G7','NONE','512GB','8GB','1 YEAR','NONE','NONE','success2019','lenovo','','NEW'),(110,'LT-SCP11-2022','','22-Mar','2022','ELLA VILLA(new)','','DAV','','','','','','WIN 10','Sanden.NET','ESET','2019','','NONE','','8GB','1 YEAR','NONE','NONE','','','','NEW'),(111,'LT-SCP12-2022','','22-Mar','2022','HERSHEY NIKKI JOLLEN SAFE KEEP FOR CHEKCING','','CB','LENOVO IDEAPAD 3 (81WE)','PF39P7WL','','','','WIN 10','Sanden.NET','ESET','2019','INTEL I5-1135G7','NONE','512GB','8GB','1 YEAR','NONE','NONE','','','','NEW'),(112,'LT-SCP13-2022','','APRIL','2022','JORDAN GALDONES','','CB','LENOVO IDEAPAD 3 (81WE)','PF3G8DLK','YES','June-22-2023','LT-SCP13-2022','WIN 10','Sanden.NET','ESET','2019','INTEL I5-1135G7','1TB','512GB','8GB','1 YEAR','NONE','NONE','success2019','lenovo','','NEW'),(113,'LT-SCP14-2022','','APRIL','2022','RYAN GABUYO','','NL','LENOVO IDEAPAD 3 (81WE)','PF3HLXF1','','','','WIN 10','Sanden.NET','ESET','2019','INTEL I5-1135G7','1TB','512GB','8GB','1 YEAR','NONE','NONE','success2019','lenovo','','NEW'),(114,'LT-SCP15-2022','','APRIL','2022','LOIDA BANTIGUE','','HQ','LENOVO IDEAPAD 3 (81WE)','','YES','September-11-2023','LT-SCP15-2022','WIN 10','Sanden.NET','ESET','2019','INTEL I5-1135G7','1TB','512GB','8GB','1 YEAR','NONE','NONE','success2019','lenovo','','NEW'),(115,'LT-SCP16-2022','','APRIL','2022','ARDIE SOLIS','','CB','LENOVO IDEAPAD 3 (81WE)','','YES','June-22-2023','LT-SCP16-2022','WIN 10','Sanden.NET','ESET','2019','INTEL I5-1135G7','NONE','512GB','8GB','1 YEAR','NONE','NONE','','','','PREVIOUSLY USED BY ROMERIE LACO'),(116,'LT-SCP17-2022','','MAY','2022','NEMICIO A.BALANI','','CC','LENOVO IDEAPAD 3 (81WE)','PF3EFYRL','','','','WIN 10','Sanden.NET','ESET','2019','INTEL I5-1135G7','NONE','512GB','8GB','1 YEAR','NONE','NONE','success2019','lenovo','','NEW'),(117,'LT-SCP18-2022','','MAY','2022','MERRIE ANN PUNDANO','','HRAD','LENOVO IDEAPAD 3 (81WE)','PF3EG5KB','YES','July-27-2023','LT-SCP18-2022','WIN 10','Sanden.NET','ESET','2019','INTEL I5-1135G7','NONE','512GB','8GB','1 YEAR','NONE','NONE','success2019','lenovo','','PREVIOUSLY USED BY BABYLYN MUNLAWIN'),(118,'LT-SCP19-2022','','MAY','2022','CELESTIAL BERAN','','MS','LENOVO IDEAPAD 3 (81WE)','PF3HL2H2','YES','August-30-2023','LT-SCP21-2022','WIN 10','Sanden.NET','ESET','2019','INTEL I5-1135G7','NONE','512GB','8GB','1 YEAR','NONE','NONE','','','','NEW'),(119,'LT-SCP20-2022','','MAY','2022','RUSSEL BLAKE LEYSON','','MIS','LENOVO IDEAPAD 3 (81WE)','PF3EG5LH','YES','July-27-2023','LT-SCP20-2022','WIN 10','Sanden.NET','ESET','2019','INTEL I5-1135G7','NONE','512GB','8GB','1 YEAR','NONE','NONE','success2019','lenovo','','PREVIOUSLY USED BY KENVYLOU AND NOEL BUSTAMANTE AND EDISON MIRANDA (3rd:JOHN BIENJO MAILOM)'),(120,'LT-SCP21-2022','','MAY','2022','IAN LLANETA','','MS','LENOVO IDEAPAD 3 (81WE)','PF3EG7VB','YES','August-30-2023','LT-SCP21-2022','WIN 10','Sanden.NET','ESET','2019','INTEL I5-1135G7','NONE','512GB','8GB','1 YEAR','NONE','NONE','success2019','lenovo','','NEW'),(121,'LT-SCP22-2022','','JULY','2022','MELCON SANTANDER','','CB','HP LAPTOP 15S','','','','','WIN 10','Sanden.NET','','2019','INTEL I5-1135G7','NONE','512GB','8GB','1 YEAR','NONE','NONE','','','','PREVIOUSLY USED BY JOLLEN BALDECANAS'),(122,'LT-SCP23-2022','','JULY','2022','SERVICE UNIT','','CB','HP LAPTOP 15S','','','','','WIN 10','Sanden.NET','','2019','INTEL I5-1135G7','NONE','512GB','8GB','1 YEAR','NONE','NONE','','','','PREVIOUSLY USED BY GLADYS BULAMBOT'),(123,'LT-SCP24-2022','49900','22-Dec','2022','MARK GARCIA','','WTY','DELL INSPIRON 15 5510','52SJMG3','YES','August-30-2023','LT-SCP24-2022','WIN 10','Sanden.NET','ESET','2019','INTEL I5-1135G7','NONE','512GB','8GB','1 YEAR','NONE','NONE','Success2019','dell','','NEW'),(124,'LT-SCP25-2022','49900','22-Dec','2022','ROMMEL UMANDAP','','FIN','DELL INSPIRON 15 5510','30SJMG3','YES','August-30-2023','LT-SCP25-2022','WIN 10','Sanden.NET','ESET','2019','INTEL I5-1135G7','NONE','512GB','8GB','1 YEAR','NONE','NONE','Success2019','dell','','PREVIOUSLY USED BY MARK DE LEON'),(125,'LT-SCP26-2022','49900','22-Dec','2022','VINSIE LAVENA','','FIN','DELL INSPIRON 15 5510','11SJMG3','YES','August-30-2023','LT-SCP26-2022','WIN 10','Sanden.NET','ESET','2019','INTEL I5-1135G7','NONE','512GB','8GB','1 YEAR','NONE','NONE','Success2019','dell','','PREVIOUSLY USED BY MIKHU MAGBITANG'),(126,'LT-SCP01-2023','49900','23-Jan','2023','ALVIN JOVEN','','LOG','DELL INSPIRON 15 5510','2CRJMG3','YES','August-30-2023','LT-SCP01-2023','WIN 11','Sanden.NET','ESET','2019','INTEL I5-1135G7','NONE','512GB','8GB','1 YEAR','NONE','NONE','Success2019','dell','','NEW'),(127,'LT-SCP02-2023','49900','23-Jan','2023','ADEL BARLAN','','CC','DELL INSPIRON 15 5620','38XDFS3','','','','WIN 11','Sanden.NET','NONE','2019','INTEL I5-1240P','NONE','512GB','8GB','1 YEAR','NONE','NONE','Success@2019','dell','','NEW'),(128,'LT-SCP01-2024','35640','24-Mar','2024','ALVIN CAPUNO','','NL','DELL INSPIRON 15 3511','DLFMRK3','','','','WIN 11','Sanden.NET','ESET','2019','INTEL I5-1135G7','NONE','512GB','16Gb','1 YEAR','NONE','NONE','Success@2019','dell','',''),(129,'LT-SCP02-2024','35640','24-Mar','2024','RENNIEL CAPUSO','','CC','DELL INSPIRON 15 3511','DYSKRK3','YES','March-15-2024','LT-SCP02-2024','WIN 11','Sanden.NET','ESET','2019','INTEL I5-1135G7','NONE','512GB','16Gb','1 YEAR','NONE','NONE','Success@2019','dell','',''),(130,'LT-SCP03-2024','62395','24-Apr','2024','KEAM VELOSO','','MIS','HP VICTUS 15-FA0180TX','5CD3220ZJH','YES','April-29-2024','LT-SCP03-2024','WIN 11','Sanden.NET','ESET','2013','INTEL i5-12450H','NONE','512GB','32GB','1 YEAR','NONE','NONE','','','',''),(131,'LT-SCP04-2024','59995','24-May','2024','FINANCE MANAGER','','FIN','DELL INSPIRON 5430','4DL6NX3','YES','','','WIN 11','Sanden.NET','ESET','2019','INTEL i7-1360P','NONE','512GB','','1 YEAR','NONE','NONE','Success@2019','dell','',''),(132,'LT-SCP05-2024','35640','24-May','2024','MARIEL JUSTINE REYES','','FIN','DELL INSPIRON 15 3511','3N6WRK3','YES','May-17-2024','LT-SCP05-2024','WIN 11','Sanden.NET','ESET','2019','INTEL I5-1135G7','NONE','512GB','16Gb','1 YEAR','NONE','NONE','Success@2019','dell','',''),(133,'LT-SCP06-2024','33990','24-May','2024','MARIA ESTHER REQUINTA','','DAV','DELL INSPIRON 15 3511','64K84L3','','','','WIN 11','Sanden.NET','ESET','2019','INTEL I5-1135G7','NONE','512GB','8GB','1 YEAR','NONE','NONE','','','',''),(134,'LT-SCP07-2024','33990','24-May','2024','GERALD GERSALINA','','DAV','DELL INSPIRON 15 3511','F5K84L3','','','','WIN 11','Sanden.NET','ESET','2019','INTEL I5-1135G7','NONE','512GB','8GB','1 YEAR','NONE','NONE','','','',''),(135,'LT-SCP08-2024','35640','24-May','2024','MARK JOSEPH ALGIRE','','HRAD','DELL INSPIRON 15 3511','7TGH4L3','YES','May-27-2024','LT-SCP08-2024','WIN 11','Sanden.NET','ESET','2019','INTEL I5-1135G7','NONE','512GB','16Gb','1 YEAR','NONE','NONE','Success@2019','dell','','PREVIOUSLY USED BY PATRICK REYES'),(136,'LT-SCP09-2024','35640','24-May','2024','BEA PATRICIA BRIONES','','CC','DELL INSPIRON 15 3511','HNRWRK3','YES','May-28-2024','LT-SCP09-2024','WIN 11','Sanden.NET','ESET','2019','INTEL I5-1135G7','NONE','512GB','16Gb','1 YEAR','NONE','NONE','Success@2019','dell','',''),(137,'LT-SCP10-2024','35640','24-May','2024','RODNEY CASTRO','','CL','DELL INSPIRON 15 3511','C43YRK3','YES','July-08-2024','LT-SCP08-2024','WIN 11','Sanden.NET','ESET','2019','INTEL I5-1135G7','NONE','512GB','16Gb','1 YEAR','NONE','NONE','Success@2019','dell','',''),(138,'LT-SCP11-2024','35640','24-May','2024','MARY ROSE ILAGAN','','CL','DELL INSPIRON 15 3511','7ZHYRK3','YES','July-09-2024','LT-SCP09-2024','WIN 11','Sanden.NET','ESET','2019','INTEL I5-1135G7','NONE','512GB','16Gb','1 YEAR','NONE','NONE','Success@2019','dell','',''),(139,'LT-SCP12-2024','35640','24-May','2024','TONY GONZALES','','CL','DELL INSPIRON 15 3511','HTMZRK3','YES','July-10-2024','LT-SCP10-2024','WIN 11','Sanden.NET','ESET','2019','INTEL I5-1135G7','NONE','512GB','16Gb','1 YEAR','NONE','NONE','Success@2019','dell','',''),(140,'LT-SCP13-2024','','','2024','BENJE OCA','','','','','','','','','','','','','','','','','','','','','',''),(141,'LT-SCP14-2024','','','2024','CHERRY ESTARES','','CB','DELL INSPIRON 15 3511','','','','','WIN 11','Sanden.NET','ESET','2019','INTEL I5-1135G7','NONE','512GB','16Gb','1 YEAR','NONE','NONE','','','',''),(142,'LT-SCP15-2024','','','2024','NEIL FORTES','','HQ','DELL INSPIRON 15 3511','C4RYYJ3','YES','August-14-2024','LT-SCP15-2024','WIN 11','Sanden.NET','ESET','2019','INTEL I5-1135G7','NONE','512GB','16Gb','1 YEAR','NONE','NONE','Success@2019','dell','',''),(143,'LT-SCP16-2024','','','2024','BiILLY NATIVIDAD','','FIN','DELL INSPIRON 15 3511','42N84L3','YES','November-11-2024','LT-SCP16-2024','WIN 11','Sanden.NET','ESET','2019','INTEL I5-1135G7','NONE','512GB','16Gb','1 YEAR','NONE','NONE','Success@2019','dell','',''),(144,'LT-SCP17-2024','','','2024','JULIUS APIGO','','WTY','HP VICTUS 16-R0xxx','CND3222CST','YES','December-26-2024','LT-SCP17-2024','WIN 11','Sanden.NET','ESET','2019','INTEL I5-13500HX','1TB','512GB','16Gb','1 YEAR','NONE','NONE','Success@2019','hpvictus','',''),(145,'LT-SCP01-2025','','FEBUARY','2025','RICKY SALAMANTE','','SL','DELL INSPIRON 15 3520','HBNH134','YES','JANUARY-20-2025','LT-SCP01-2025','WIN 11','Sanden.NET','ESET','2019','INTEL I5-1235U','NONE','512GB','16Gb','1 YEAR','NONE','NONE','Success@2019','dell','',''),(146,'LT-SCP02-2025','','FEBUARY','2025','KANE CYRIL GONZALES','','SL','DELL INSPIRON 14 5440','FP6BP54','YES','February-25-2025','LT-SCP02-2025','WIN 11','Sanden.NET','ESET','2019','INTEL I5-1235U','NONE','1TB','16Gb','1 YEAR','NONE','NONE','Success@2019','dell','',''),(147,'LT-SCP03-2025','','MARCH','2025','IKEDA OSAMU','','','TOSHIBA PROT?G? X30-L','','YES','MARCH-07-2025','LT-SCP03-2025','WIN 11','Sanden.NET','ESET','2019','INTEL I5-1235U','NONE','1TB','32Gb','1 YEAR','NONE','NONE','','','',''),(148,'LT-SCP04-2025','','MARCH','2025','GERRYCA JOVES','','HRAD','DELL INSPIRON 5640','60DHR34','YES','MARCH-11-2025','LT-SCP04-2025','WIN 11','Sanden.NET','ESET','2019','Intel Core 5 proc 120U','NONE','1TB','32Gb','1 YEAR','NONE','NONE','Success@2019','dell','',''),(149,'LT-SCP05-2025','','MARCH','2025','EUVY ANGELO MARABLE','','MIS','HP VICTUS 16-R0xxx','CDN4513G1C','YES','MARCH-11-2025','LT-SCP05-2025','WIN 11','Sanden.NET','ESET','2019','Core i7-13700HX','NONE','1TB','16GB','1 YEAR','NONE','NONE','Success@2019','','',''),(150,'LT-SCP06-2025','','MARCH','2025','JOANA PABILLO','','WTY','DELL INSPIRON 5640','DJ1LR34','YES','MARCH-11-2025','LT-SCP06-2025','WIN 11','Sanden.NET','ESET','2019','Intel Core 5 proc 120U','NONE','1TB','32Gb','1 YEAR','NONE','NONE','Success@2019','dell','',''),(151,'LT-SCP07-2025','','MARCH','2025','ALMAR MARUGGAY','','WTY','DELL INSPIRON 5640','JD1LR34','YES','','LT-SCP07-2025','WIN 11','Sanden.NET','ESET','2019','Intel Core 5 proc 120U','NONE','1TB','32Gb','1 YEAR','NONE','NONE','Success@2019','dell','',''),(152,'LT-SCP08-2025','','MARCH','2025','JULIETA ALCOS','','SL','DELL INSPIRON 5640','FBC5V34','YES','April-29-2025','LT-SCP08-2025','WIN 11','Sanden.NET','ESET','2019','INTEL CORE I7-150U','NONE','1TB','16GB','1 YEAR','NONE','NONE','Success@2019','dell','',''),(153,'LT-SCP09-2025','','','','MIS STAFF','','MIS','HP VICTUS 16-R0xxx','5CD427466T','','','','','','','','','','','','','','','','','',''),(154,'LT-SCP10-2025','','','','MONETTE SALAZAR','','FIN','DELL INSPIRON 16 5640','25QKR34','YES','MAY-23-2025','LT-SCP10-2025','WIN 11','Sanden.NET','ESET','2019','INTEL CORE 5 120U','NONE','1TB','16GB','1 YEAR','NONE','NONE','Success@2019','dell','',''),(155,'LT-SCP11-2025','','','','NEMISIS GODOY','','FIN','DELL INSPIRON 16 5640','6GTKR34','YES','MAY-23-2025','LT-SCP11-2025','WIN 11','Sanden.NET','ESET','2019','INTEL CORE 5 120U','NONE','1TB','16GB','1 YEAR','NONE','NONE','Success@2019','dell','',''),(156,'LT-SCP12-2025','','MAY','','JEFFREY A. DEALINO','','','DELL INSPIRON 15 3520','B80K554','','','','WIN 11','Sanden.NET','ESET','2019','INTEL CORE 7 1255U','NONE','1TB','16GB','1 YEAR','NONE','NONE','Success@2019','dell','',''),(157,'LT-SCP13-2025','','MAY','','','','','DELL INSPIRON 15 3520','PWBK554','','','','WIN 11','Sanden.NET','ESET','2019','INTEL CORE 7 1255U','NONE','1TB','16GB','1 YEAR','NONE','NONE','Success@2019','dell','',''),(158,'PC-SCP01-2019','','20-Feb','2020','SERVICE UNIT','','HRAD','LENOVO','YL00KRR7','','','','WIN 10','Sanden.NET','ESET','2013','INTEL I3','1 TB','4 GB','LENOVO THINKVISION 21\"','HP','LENOVO','NONE','1 YEAR','','','PREVIOUSLY USED BY CYRELLE MERCADO AND JOHN MICHAEL ABLIR'),(159,'PC-SCP02-2019','','19-Sep','2019','CONFERENCE ROOM','','MIS','LENOVO V530 - I3','PC12EXJT','','','','WIN 10','Sanden.NET','ESET','2013','INTEL I3-8100','1 TB','4 GB','LENOVO THINKVISION 21\"','LENOVO','LENOVO','NONE','1 YEAR','','','PREVIOUSLY USED BY DANICA ANIDO'),(160,'PC-SCP03-2019','','19-Nov','2019','SERVICE UNIT','','SCM','LENOVO V530 - I3','PC12EXHX','','','','WIN 10','Sanden.NET','ESET','2013','INTEL I3-8100','1 TB','4 GB','AOC','LENOVO','LENOVO','APC','1 YEAR','','','PREVIOSLY USED BY RONALYN PULUTAN AND CATHERINE BAGA'),(161,'PC-SCP04-2019','','19-Nov','2019','JEFFREY DEALINO','','SCM','LENOVO V530 - I3','PC12EXJM','','','','WIN 10','Sanden.NET','ESET','2013','INTEL I3-8100','1 TB','4 GB','AOC','HP','A4TECH','NONE','1 YEAR','','','PREVIOSLY USED BY CLARENCE BUAN'),(162,'PC-SCP05-2019','','19-Nov','2019','SERVICE UNIT','','SCM','LENOVO V530 - I3','PC12EXJW','','','','WIN 10','Sanden.NET','ESET','2013','INTEL I3-8100','1 TB','4 GB','AOC','LENOVO','LOGITECH','NONE','1 YEAR','','','PREVIOSLY USED BY RUSSEL AWITAN'),(163,'PC-SCP07-2019','','19-Nov','2019','CHARLES GELOTIN','','MIS','LENOVO V530 - I5','YL00FR1A','','','','WIN 10','Sanden.NET','ESET','2019','INTEL I5-8400','1 TB','8 GB','LENOVO THINKVISION 21\"','LENOVO','LENOVO','NONE','1 YEAR','','','FOR DTR USE AND TROUBLESHOOTING'),(164,'PC-SCP08-2019','N/A','N/A','2014','WTY WARRANTY TECHNICIAN','','WRTY','HP COMPAQ 4000','SGH207SWQ3','','','','WIN 7','Sanden.NET','ESET','2007','INTER CORE 2 DUO','300 GB','2 GB','AOC','LENOVO','','NONE','NONE','','','PREVIOUSLY USED BY RONALYN PULUTAN AND COMMON PC - TECH'),(165,'PC-SCP09-2019','','19-Jul','2019','VEEJAY MANALO','','CC','LENOVO V530 - I3','PC0WNES6','','','','WIN 10','Sanden.NET','ESET','2013','INTEL I3-8100','1 TB','16 GB','AOC','HP','A4TECH','NONE','1 YEAR','','','INSTALLED - HP OFFICEJET 7610'),(166,'PC-SCP10-2019','N/A','N/A','2017','JOHN LOUIE GAVINO','','CC','LENOVO SFF','PC0QTGGZ','','','','WIN 10','Sanden.NET','ESET','2013','INTEL I5','500 GB','4 GB','AOC','LENOVO','CLIPTECH','NONE','NONE','','','PREVIOUSLY USED BY CATHLEEN MENDOZA'),(167,'PC-SCP11-2019','','','2019','PANTRY ISI','','HRAD','LENOVO V530 - I5','YL00G44X','','','','WIN 10','Sanden.NET','ESET','2013','INTEL I5-8400','1 TB','8 GB','AOC','LENOVO','A4TECH','NONE','NONE','','','PREVIOUSLY USED BY MONETTE SALAZAR'),(168,'PC-SCP12-2019','','19-Jul','2019','SERVICE UNIT','','HRAD','LENOVO V530 - I3','PC100NTK','','','','WIN 10','Sanden.NET','ESET','2019','INTEL I3-8100','1 TB','8 GB','LENOVO THINKVISION 21\", AOC','LENOVO','LENOVO','APC','1 YEAR','','','PREVIOUSLY USED BY GERRYCA JOVES'),(169,'PC-SCP13-2019','N/A','N/A','2017','SCM WAREHOUSE','','SCM','LENOVO V520S','PC0QTGHL','','','','WIN 10','Sanden.NET','ESET','2013','INTEL I5-7400','500 GB','4 GB','AOC','A4TECH','A4TECH','NONE','1 YEAR','','','PREVIOUSLY USED BY SABRINA MOSQUERA'),(170,'PC-SCP14-2019','N/A','N/A','2016','MIS PULLED OUT','','MIS','LENOVO THINKCENTRE','S5CD5TN','YES','JUNE-15-2023','PC-SCP14-2019','WIN 10','Sanden.NET','ESET','2013','INTEL CORE 2 DUO','500 GB','4 GB','AOC','A4TECH','SILVERTECH','NONE','NONE','','','PREVIOUSLY USED BY ERWIN MALABUYOC AND ALREADY IN MIS STOCK ROOM'),(171,'PC-SCP15-2019','N/A','N/A','2013','NL WARRANTY TECHNICIAN','','NL','LENOVO THINKCENTRE','S5CDGYY','','','','WIN 7','Sanden.NET','ESET','2007','INTEL CORE 2 DUO','500 GB','2 GB','LENOVO','LENOVO','A4TECH','NONE','NONE','','','PREVIOUSLY USED BY ERICA PACIOLCO / WTY TECHNICIAN'),(172,'PC-SCP16-2019','','19-Nov','2019','ALFREDO  LUNA JR.','','WRTY','LENOVO V530 - I5','YL00FR2B','','','','WIN 10','Sanden.NET','ESET','2013','INTEL I5-8400','1 TB','8 GB','LENOVO','LENOVO','LENOVO','NONE','1 YEAR','','','PREVIOUSLY DEPLOYED TO MAKATI FOR ADMIN USE'),(173,'PC-SCP01-2020','','19-Aug','2019','WTY WARRANTY TECHNICIAN 1','','WRTY','LENOVO V530','PC10QNRK','','','','WIN 10','Sanden.NET','ESET','2013','INTEL I3-8100','1 TB','4GB','AOC','LENOVO','LENOVO','NONE','1 YEAR','','','INSTALLED PRINTER COLORED WTY (NEAR NOEL BUSTAMANTE)'),(174,'PC-SCP02-2020','N/A','N/A','2015','OLD PC JAMAICA','','CL','LENOVO THINKCENTRE E73','PC056MW4','','','','WIN 7','Sanden.NET','ESET','2013','INTEL I5-4590S','512 GB','4 GB','AOC','LENOVO','LENOVO','APC','NONE','','','OK'),(175,'PC-SCP04-2020','','19-Aug','2019','RUBY AUTIDA','','DV','LENOVO V530','PC10QNTN','','','','WIN 10','Sanden.NET','ESET','2013','INTEL I3-8100','1 TB','4 GB','LENOVO','LENOVO','LENOVO','NONE','1 YEAR','','',''),(176,'PC-SCP05-2020','N/A','N/A','-','CEBU WAREHOUSE','','CB','TRENDSONIC','FADED','','','','WIN 7','Sanden.NET','ESET','2013','INTEL I5','500 GB','4 GB','AOC','A4TECH','A4TECH','BOOST','NONE','','','OK'),(177,'PC-SCP06-2020','N/A','N/A','2013','SECURITY (OB & CCTV\')','','MIS','LENOVO THINKCENTRE','S5CDGTF','','','','WIN 10','Sanden.NET','ESET','2013','INTEL CORE 2 DUO','500 GB','4 GB','NONE','NONE','NONE','NONE','','','','OLD UNIT OF GERRYCA JOVES'),(178,'PC-SCP07-2020','','20-Feb','2020','SERVICE UNIT','','NL','LENOVO','YL00KRR0','','','','WIN 10','Sanden.NET','ESET','2013','INTEL I3','1 TB','4 GB','LENOVO THINKVISION 21\"','LENOVO','LENOVO','NONE','1 YEAR','','','PREVIOUSLY FOR FINANCE ANALYST'),(179,'PC-SCP08-2020','?33,000.00','20-Feb','2020','ISI MANAGER','','HRAD','LENOVO','YL00KRSH','','','','WIN 10','Sanden.NET','ESET','2013','INTEL I3','1 TB','4 GB','LENOVO THINKVISION 21\"','LENOVO','LENOVO','NONE','1 YEAR','','','PREVIOUSLY USED BY KLARISSE LANTICAN'),(180,'PC-SCP01-2022','','22-Jan','2022','MIS PULLED OUT','','HQ','LENOVO','YL00KRSH','','','','WIN 10','Sanden.NET','ESET','2013','INTEL I3','1 TB','4 GB','LENOVO THINKVISION 21\"','LENOVO','LENOVO','NONE','1 YEAR','','','PREVIOUSLY USED BY CASSANDRA AND JERWHYNE'),(181,'PC-SCP02-2022','','22-Mar','2022','KARLSON CRISOSTOMO','','CC','HP Z2 G8 TOWER WORKSTATION','4CE150BFC8','','','','WIN 10','Sanden.NET','ESET','2013','INTEL I3','1 TB','4 GB','LENOVO THINKVISION 21\"','LENOVO','LENOVO','NONE','1 YEAR','','autocadhp','PREVIOUSLY USED BY JEFFREY DELGADO'),(182,'PC-SCP03-2022','','','2022','RUBY AUTIDA','','DAV','','','','','','WIN 10','Sanden.NET','ESET','2013','INTEL I3','1 TB','4 GB','LENOVO THINKVISION 21\"','LENOVO','LENOVO','NONE','1 YEAR','','',''),(183,'PC-SCP01-2025','','25-Jun','2025','','','','HP Z2 Tower','4CE517BY8Z','','','','WIN 11','Sanden.NET','ESET','2019','Intel(R) Core(TM) i7-14700K','500GB HDD\n1TB SSD','32 GB','','','','','2 YEAR','','','');
/*!40000 ALTER TABLE `inventory_tbl` ENABLE KEYS */;
UNLOCK TABLES;

--
-- Table structure for table `it_request_approval`
--

DROP TABLE IF EXISTS `it_request_approval`;
/*!40101 SET @saved_cs_client     = @@character_set_client */;
/*!50503 SET character_set_client = utf8mb4 */;
CREATE TABLE `it_request_approval` (
  `id` bigint unsigned NOT NULL AUTO_INCREMENT,
  `reference_no` varchar(255) COLLATE utf8mb4_unicode_ci NOT NULL,
  `approved_by` varchar(255) COLLATE utf8mb4_unicode_ci DEFAULT NULL,
  `role` varchar(255) COLLATE utf8mb4_unicode_ci NOT NULL,
  `approver_email` varchar(255) COLLATE utf8mb4_unicode_ci NOT NULL,
  `current_approver_role` varchar(255) COLLATE utf8mb4_unicode_ci NOT NULL,
  `status` enum('Disapproved','Pending','Approved','Rejected','Completed') CHARACTER SET utf8mb4 COLLATE utf8mb4_unicode_ci NOT NULL DEFAULT 'Pending',
  `remarks` text COLLATE utf8mb4_unicode_ci,
  `created_at` timestamp NULL DEFAULT NULL,
  `updated_at` timestamp NULL DEFAULT NULL,
  PRIMARY KEY (`id`),
  KEY `it_request_approval_reference_no_index` (`reference_no`)
) ENGINE=InnoDB AUTO_INCREMENT=41 DEFAULT CHARSET=utf8mb4 COLLATE=utf8mb4_unicode_ci;
/*!40101 SET character_set_client = @saved_cs_client */;

--
-- Dumping data for table `it_request_approval`
--

LOCK TABLES `it_request_approval` WRITE;
/*!40000 ALTER TABLE `it_request_approval` DISABLE KEYS */;
INSERT INTO `it_request_approval` VALUES (1,'RR-202512-001','Marable, Euvy Angelo Gerero','MIS','mis.scp@sanden-rs.com','MIS','Completed','\nUpdate of UDF\nDone','2025-12-15 04:51:10','2025-12-16 00:44:07'),(2,'IR-202512-001','Rabandaban, Richie Calanog','Manager','richie.rabandaban.rr@sanden-rs.com','Manager','Approved','','2025-12-17 04:03:40','2025-12-17 07:15:48'),(3,'IR-202512-001','Salagubang, Jeffrey Contreras','MIS','mis.scp@sanden-rs.com','MIS','Completed','\n\n\n\nPCV System Official Release 1/19/2026','2025-12-17 07:15:48','2026-01-19 01:32:40'),(6,'IR-202512-001','Dichoso, Fernan Hernandez','Senior Manager','fernan.dichoso.cj@sanden-rs.com','Senior Manager','Approved','','2025-12-17 07:21:30','2025-12-18 03:30:26'),(7,'BI-202512-001','Salagubang, Jeffrey Contreras','MIS','mis.scp@sanden-rs.com','MIS','Completed','\n\n','2025-12-23 03:47:15','2025-12-23 05:24:20'),(8,'RR-202512-002','Veloso, Keam Luwys Dinulos','MIS','mis.scp@sanden-rs.com','MIS','Completed','\nFor Installation\nApplication Installed','2025-12-26 02:14:02','2025-12-26 06:24:01'),(9,'RR-202512-003','Veloso, Keam Luwys Dinulos','MIS','mis.scp@sanden-rs.com','MIS','Completed','\nFor Installation\nAlready Installed','2025-12-26 02:32:52','2025-12-29 08:04:29'),(10,'RR-202601-001','Veloso, Keam Luwys Dinulos','MIS','mis.scp@sanden-rs.com','MIS','Completed','\nItem Already purchased\nItem is Installed','2026-01-06 00:31:29','2026-02-04 05:23:58'),(11,'IR-202601-001','Salagubang, Jeffrey Contreras','MIS','mis.scp@sanden-rs.com','MIS','Approved','\n','2026-01-12 01:45:25','2026-01-12 01:59:03'),(12,'IR-202601-001','Dichoso, Fernan Hernandez','Senior Manager','fernan.dichoso.cj@sanden-rs.com','Senior Manager','Approved','Please proceed ASAP :)','2026-01-12 01:59:03','2026-01-12 07:37:52'),(13,'PI-202601-001','Palomillo, Emirlyn Quilatan','Manager','Emirlyn.Palomillo.gi@sanden-rs.com','Manager','Approved','','2026-01-13 05:15:13','2026-01-29 13:15:43'),(14,'RR-202601-002','Veloso, Keam Luwys Dinulos','MIS','mis.scp@sanden-rs.com','MIS','Completed','\nSearch for the Bookmark Backup\nAlready Fixed','2026-01-13 05:27:48','2026-01-15 00:41:37'),(15,'PR-202601-001','Marable, Euvy Angelo Gerero','MIS','mis.scp@sanden-rs.com','MIS','Completed','\n\n','2026-01-15 06:38:27','2026-01-15 07:46:34'),(16,'RR-202601-003','Veloso, Keam Luwys Dinulos','MIS','mis.scp@sanden-rs.com','MIS','Completed','\nPrinter Already Installed\nScanner Already Installed','2026-01-16 07:16:04','2026-01-28 01:11:47'),(17,'PI-202601-002','Dela Cruz, Joyce Anne Ledda','Manager','joyce.delacruz.jb@sanden-rs.com','Manager','Approved','','2026-01-20 01:51:12','2026-01-28 01:51:20'),(19,'RR-202601-004','Veloso, Keam Luwys Dinulos','MIS','mis.scp@sanden-rs.com','MIS','Completed','\nUnit Already check\nSoftware Already Installed','2026-01-22 00:20:50','2026-01-29 07:36:05'),(20,'RR-202601-005','Veloso, Keam Luwys Dinulos','MIS','mis.scp@sanden-rs.com','MIS','Completed','\nFor Verification\nUser Account Created','2026-01-23 02:58:03','2026-01-29 07:34:51'),(21,'RR-202601-006','Veloso, Keam Luwys Dinulos','MIS','mis.scp@sanden-rs.com','MIS','Completed','\nRequest Verified\nEmail Group already created','2026-01-26 03:48:46','2026-01-29 07:35:22'),(22,'IR-202601-002','Manalo, Billy Joel Canape','Manager','billy.manalo.nq@sanden-rs.com','Manager','Disapproved','','2026-01-28 00:22:58','2026-01-28 00:22:58'),(23,'RR-202601-007','Salagubang, Jeffrey Contreras','MIS','mis.scp@sanden-rs.com','MIS','Completed','\nPassword has been reset.','2026-01-28 00:39:46','2026-01-28 00:43:07'),(25,'PI-202601-002','Veloso, Keam Luwys Dinulos','MIS','mis.scp@sanden-rs.com','MIS','Completed','\nItem is Purchased\nItem already shipped and Delivered','2026-01-28 01:51:20','2026-01-28 02:05:54'),(26,'RR-202601-008','Salagubang, Jeffrey Contreras','MIS','mis.scp@sanden-rs.com','MIS','Completed','\nAwareness has been uploaded in system','2026-01-28 02:33:30','2026-01-28 05:20:33'),(28,'PI-202601-001','Veloso, Keam Luwys Dinulos','MIS','mis.scp@sanden-rs.com','MIS','Completed','\nitem already deployed\nitem already deployed','2026-01-29 13:15:43','2026-02-04 05:18:49'),(29,'RR-202601-009','Veloso, Keam Luwys Dinulos','MIS','mis.scp@sanden-rs.com','MIS','Completed','\nItem is requested\nItem already Issued','2026-01-29 13:16:08','2026-02-02 00:22:29'),(30,'RR-202602-001','Veloso, Keam Luwys Dinulos','MIS','mis.scp@sanden-rs.com','MIS','Completed','\nFor Verification\nQuery already Created and verified','2026-02-03 07:23:33','2026-02-06 02:17:29'),(31,'RR-202602-002','Veloso, Keam Luwys Dinulos','MIS','mis.scp@sanden-rs.com','MIS','Completed','\nItem is Available\nInk has been refilled','2026-02-04 06:08:04','2026-02-04 06:18:39'),(32,'RR-202602-003','Veloso, Keam Luwys Dinulos','MIS','mis.scp@sanden-rs.com','MIS','Completed','\nItem is Available\nInk already refilled','2026-02-04 08:40:02','2026-02-05 00:27:17'),(33,'RR-202602-004','Veloso, Keam Luwys Dinulos','MIS','mis.scp@sanden-rs.com','MIS','Completed','\nFor Verification\nAccount Password already reset','2026-02-05 02:40:40','2026-02-05 02:55:00'),(34,'RR-202602-005','Veloso, Keam Luwys Dinulos','MIS','mis.scp@sanden-rs.com','MIS','Completed','\nFor Verification\nPrinted already repaired','2026-02-05 05:54:16','2026-02-05 07:37:00'),(35,'RR-202602-006','Salagubang, Jeffrey Contreras','MIS','mis.scp@sanden-rs.com','MIS','Disapproved','\n','2026-02-05 07:30:20','2026-02-06 00:16:02'),(36,'RR-202602-007','Marable, Euvy Angelo Gerero','MIS','mis.scp@sanden-rs.com','MIS','Completed','\nSent files via email','2026-02-05 07:57:23','2026-02-05 09:07:42'),(37,'RR-202602-008','Veloso, Keam Luwys Dinulos','MIS','mis.scp@sanden-rs.com','MIS','Completed','\nFor Verification\nSoftware already installed','2026-02-06 00:49:45','2026-02-06 01:07:41'),(38,'RR-202602-009','Veloso, Keam Luwys Dinulos','MIS','mis.scp@sanden-rs.com','MIS','Completed','\nSoftware for Verification\nSoftware Already Installed','2026-02-06 02:38:28','2026-02-09 02:42:36'),(39,'RR-202602-010','MIS','MIS','mis.scp@sanden-rs.com','MIS','Pending','','2026-02-06 09:26:36','2026-02-06 09:26:36'),(40,'PR-202602-001','Olivera, Neil Erzon Esquilon','Supervisor','neil.olivera.no@sanden-rs.com','Supervisor','Pending','','2026-02-09 08:54:01','2026-02-09 08:54:01');
/*!40000 ALTER TABLE `it_request_approval` ENABLE KEYS */;
UNLOCK TABLES;

--
-- Table structure for table `it_request_tbl`
--

DROP TABLE IF EXISTS `it_request_tbl`;
/*!40101 SET @saved_cs_client     = @@character_set_client */;
/*!50503 SET character_set_client = utf8mb4 */;
CREATE TABLE `it_request_tbl` (
  `id` bigint unsigned NOT NULL AUTO_INCREMENT,
  `reference_no` varchar(255) COLLATE utf8mb4_unicode_ci NOT NULL,
  `requestor_name` varchar(255) COLLATE utf8mb4_unicode_ci NOT NULL,
  `requestor_email` varchar(255) COLLATE utf8mb4_unicode_ci NOT NULL,
  `department` varchar(255) COLLATE utf8mb4_unicode_ci NOT NULL,
  `issue` varchar(255) COLLATE utf8mb4_unicode_ci DEFAULT NULL,
  `item_name` varchar(255) COLLATE utf8mb4_unicode_ci DEFAULT NULL,
  `date_needed` date DEFAULT NULL,
  `plan_return_date` date DEFAULT NULL,
  `purchase_item_name` varchar(255) COLLATE utf8mb4_unicode_ci DEFAULT NULL,
  `project_details` varchar(255) COLLATE utf8mb4_unicode_ci DEFAULT NULL,
  `intranet_request_type` varchar(255) CHARACTER SET utf8mb4 COLLATE utf8mb4_unicode_ci DEFAULT NULL,
  `manager_email` varchar(255) COLLATE utf8mb4_unicode_ci DEFAULT NULL,
  `change_request_intranet` varchar(255) COLLATE utf8mb4_unicode_ci DEFAULT NULL,
  `type_request` varchar(255) COLLATE utf8mb4_unicode_ci NOT NULL,
  `description_of_request` text COLLATE utf8mb4_unicode_ci NOT NULL,
  `Level_Request` enum('Low','Medium','High','Very High') CHARACTER SET utf8mb4 COLLATE utf8mb4_unicode_ci NOT NULL DEFAULT 'Medium',
  `attachment_name` text CHARACTER SET utf8mb4 COLLATE utf8mb4_unicode_ci,
  `status` enum('Pending','In Progress','Completed','Rejected','Approved','Disapproved') CHARACTER SET utf8mb4 COLLATE utf8mb4_unicode_ci NOT NULL DEFAULT 'Pending',
  `created_at` timestamp NULL DEFAULT NULL,
  `updated_at` timestamp NULL DEFAULT NULL,
  PRIMARY KEY (`id`),
  UNIQUE KEY `it_request_tbl_reference_no_unique` (`reference_no`)
) ENGINE=InnoDB AUTO_INCREMENT=35 DEFAULT CHARSET=utf8mb4 COLLATE=utf8mb4_unicode_ci;
/*!40101 SET character_set_client = @saved_cs_client */;

--
-- Dumping data for table `it_request_tbl`
--

LOCK TABLES `it_request_tbl` WRITE;
/*!40000 ALTER TABLE `it_request_tbl` DISABLE KEYS */;
INSERT INTO `it_request_tbl` VALUES (1,'RR-202512-001','Amurao, Den Mark Manaog','den.amurao.da@sanden-rs.com','PROCUREMENT & IMPORTATION','SAP B1 Hana System',NULL,NULL,NULL,NULL,NULL,NULL,NULL,NULL,'Repair_Request','Request for additional County of Origin - France','Low','[\"Doc1_20251215_125110_FJA3Xi.docx\"]','Completed','2025-12-15 04:51:10','2025-12-16 00:44:07'),(2,'IR-202512-001','Cinco, Mary Joy Magbanua','maryjoy.cinco.il@sanden-rs.com','FINANCE',NULL,NULL,NULL,NULL,NULL,NULL,'New Intranet',NULL,NULL,'Intranet_Request','PCV FORM DISTRIBUTION','High','[\"PC Voucher_20251217_120340_K58Yqi.xlsx\"]','Completed','2025-12-17 04:03:40','2026-01-19 01:32:40'),(3,'BI-202512-001','Lat, Gerryca Syra Joves','gerryca.joves.gj@sanden-rs.com','HUMAN RESOURCE',NULL,'Laptop','2025-12-23','2025-12-23',NULL,NULL,NULL,NULL,NULL,'Borrow_Item','Exam','Low','[\"image - 2025-12-18T152518.571_20251223_114714_YGTniR.png\"]','Completed','2025-12-23 03:47:15','2025-12-23 05:24:20'),(4,'RR-202512-002','Algire, Mark Joseph Garcia','mark.algire.ma@sanden-rs.com','COLD CHAIN','Installation of Application',NULL,NULL,NULL,NULL,NULL,NULL,NULL,NULL,'Repair_Request','Installation of Revit for Training and Seminar','Low','[\"Autodesk Certificate of Completion Guide_20251226_101402_DoZfKy.pdf\"]','Completed','2025-12-26 02:14:02','2025-12-26 06:24:01'),(5,'RR-202512-003','Castillo, Kristina Andrea Terrones','kristina.castillo.kc@sanden-rs.com','COLD CHAIN','Installation of Application',NULL,NULL,NULL,NULL,NULL,NULL,NULL,NULL,'Repair_Request','Installation of Revit for MEPF Training and Seminar','Low','[\"image001_20251226_103252_7GUck7.png\"]','Completed','2025-12-26 02:32:52','2025-12-29 08:04:29'),(6,'RR-202601-001','Villa, Ella-d Dizor','ella.villa.vo@sanden-rs.com','RO-MINDANAO','Laptop',NULL,NULL,NULL,NULL,NULL,NULL,NULL,NULL,'Repair_Request','New Laptop Battery','High',NULL,'Completed','2026-01-06 00:31:29','2026-02-04 05:23:58'),(7,'IR-202601-001','Olivera, Neil Erzon Esquilon','neil.olivera.no@sanden-rs.com','ADMIN',NULL,NULL,NULL,NULL,NULL,NULL,'New Intranet',NULL,NULL,'Intranet_Request','DOMESTIC TRAVEL REQUEST','High','[\"SCP Domestic Travel Form 2025 - Request_20260112_094525_cIAoAz.xlsx\"]','Approved','2026-01-12 01:45:25','2026-01-12 07:37:52'),(8,'PI-202601-001','Capuso, Renniel Aguilar','renniel.capuso.rc@sanden-rs.com','COLD CHAIN',NULL,NULL,NULL,NULL,'USB Flashdrive',NULL,NULL,NULL,NULL,'Purchase_Item','8gb or lower','Low',NULL,'Completed','2026-01-13 05:15:13','2026-02-04 05:18:49'),(9,'RR-202601-002','Lat, Gerryca Syra Joves','gerryca.joves.gj@sanden-rs.com','HUMAN RESOURCE','Other',NULL,NULL,NULL,NULL,NULL,NULL,NULL,NULL,'Repair_Request','Browser bookmarks','Low',NULL,'Completed','2026-01-13 05:27:48','2026-01-15 00:41:37'),(10,'PR-202601-001','Joven, Alvin Sara','alvin.joven.fi@sanden-rs.com','SCM',NULL,NULL,NULL,NULL,NULL,'LOGP Reports',NULL,NULL,NULL,'Project_Request','LOGP Reports','Low',NULL,'Completed','2026-01-15 06:38:27','2026-01-15 07:46:34'),(11,'RR-202601-003','Llaneta, Ian Teves','ian.llaneta.ih@sanden-rs.com','South Luzon','Hardware Components',NULL,NULL,NULL,NULL,NULL,NULL,NULL,NULL,'Repair_Request','to connect and scan files with printer BRNB42200B657B9','Medium',NULL,'Completed','2026-01-16 07:16:04','2026-01-28 01:11:47'),(12,'PI-202601-002','Ilagan, Mary Rose Castro','maryrose.ilagan.mi@sanden-rs.com','RO-NL',NULL,NULL,NULL,NULL,'EPSON INK',NULL,NULL,NULL,NULL,'Purchase_Item','003- M - 2pcs\r\n003- BK - 2pcs\r\n003- Y - 2pcs\r\n003- C - 2pcs','Medium',NULL,'Completed','2026-01-20 01:51:12','2026-01-28 02:05:54'),(13,'RR-202601-004','Llaneta, Ian Teves','ian.llaneta.ih@sanden-rs.com','South Luzon','Hardware Components',NULL,NULL,NULL,NULL,NULL,NULL,NULL,NULL,'Repair_Request','Reconnect to printer L120serieson 192.168.4.105 and  Brother DCP-L2540DW series','Medium',NULL,'Completed','2026-01-22 00:20:50','2026-01-29 07:36:05'),(14,'RR-202601-005','Rabandaban, Richie Calanog','richie.rabandaban.rr@sanden-rs.com','FINANCE','User Account / Password',NULL,NULL,NULL,NULL,NULL,NULL,NULL,NULL,'Repair_Request','SAP user ID for Mr. Yoshitaka Hata','Very High','[\"FHD approval_20260123_105803_lpgzJB.png\"]','Completed','2026-01-23 02:58:03','2026-01-29 07:34:51'),(15,'RR-202601-006','Olivera, Neil Erzon Esquilon','neil.olivera.no@sanden-rs.com','ADMIN','Email',NULL,NULL,NULL,NULL,NULL,NULL,NULL,NULL,'Repair_Request','EMAIL GROUP - WHISTLEBLOWER GROUP OR SCP WHISTLEBLOWER HOTLINE','High','[\"ADMPOL030_Processflow_20260126_114846_9Q1u3d.pdf\"]','Completed','2026-01-26 03:48:46','2026-01-29 07:35:22'),(16,'IR-202601-002','Placiente, Paulo Tosi','coldchain.operator.ph@sanden-rs.com','COLD CHAIN',NULL,NULL,NULL,NULL,NULL,NULL,'New Intranet',NULL,NULL,'Intranet_Request','intranet account reset password','Medium',NULL,'Disapproved','2026-01-28 00:22:58','2026-01-28 00:22:58'),(17,'RR-202601-007','Placiente, Paulo Tosi','coldchain.operator.ph@sanden-rs.com','COLD CHAIN','Intranet Support',NULL,NULL,NULL,NULL,NULL,NULL,NULL,NULL,'Repair_Request','intranet account password reset','Low',NULL,'Completed','2026-01-28 00:39:46','2026-01-28 00:43:07'),(18,'RR-202601-008','Cubio, Nelson Maliksi','nelson.cubio.nc@sanden-rs.com','ADMIN','Intranet Support',NULL,NULL,NULL,NULL,NULL,NULL,NULL,NULL,'Repair_Request','Dear SCP Team,\r\n\r\nGood day!\r\n\r\nPlease see the attached Occupational Health and Safety Bulletin #1 regarding Influenza for your information and guidance.\r\n\r\nWe encourage everyone to review the bulletin and observe the recommended health and safety practices to help prevent the spread of influenza in the workplace.\r\n\r\nThank you, and please feel free to reach out if you have any questions or concerns.','Low','[\"FLU_20260128_103330_FE23rA.pdf\"]','Completed','2026-01-28 02:33:30','2026-01-28 05:20:33'),(19,'RR-202601-009','Palomillo, Emirlyn Quilatan','emirlyn.palomillo.gi@sanden-rs.com','COLD CHAIN','Email',NULL,NULL,NULL,NULL,NULL,NULL,NULL,NULL,'Repair_Request','Can I request removing our gc email \r\n\r\n(SCP)Cold-Chain Sales Engineer Group <coldchain.salesengineer@sanden-rs.com>\r\n\r\n\r\nApologies for the inconvenience as we experienced not receiving responses from vendors using this gc email which probably works only within Sanden email domain\r\n\r\nPlease confirm if this is removed in the email contacts','Low',NULL,'Completed','2026-01-29 13:16:08','2026-02-02 00:22:29'),(20,'RR-202602-001','Olivera, Neil Erzon Esquilon','neil.olivera.no@sanden-rs.com','ADMIN','SAP B1 Hana System',NULL,NULL,NULL,NULL,NULL,NULL,NULL,NULL,'Repair_Request','Query for Admin Related Expenses','Medium',NULL,'Completed','2026-02-03 07:23:33','2026-02-06 02:17:29'),(25,'RR-202602-002','Pundano, Merrie Ann Fajardo','merrie.pundano.mp@sanden-rs.com','HUMAN RESOURCE','Other',NULL,NULL,NULL,NULL,NULL,NULL,NULL,NULL,'Repair_Request','Epson Ink Yellow and Black','Low','[\"Screenshot 2026-02-04 140436_20260204_140804_FQIBdC.png\"]','Completed','2026-02-04 06:08:04','2026-02-04 06:18:39'),(26,'RR-202602-003','Villar, Rhea Mae Rivera','rhea.villar.rv@sanden-rs.com','South Luzon','Hardware Components',NULL,NULL,NULL,NULL,NULL,NULL,NULL,NULL,'Repair_Request','black ink refill for Epson printer 192.168.4.105','Low',NULL,'Completed','2026-02-04 08:40:02','2026-02-05 00:27:17'),(27,'RR-202602-004','Bucu, Jamaica Lacuna','jamaica.bucu.jc@sanden-rs.com','RO-NL','SAP B1 Hana System',NULL,NULL,NULL,NULL,NULL,NULL,NULL,NULL,'Repair_Request','\"Add-on manager. Failed to connect to the SLD; please log in again\". Error.','Low',NULL,'Completed','2026-02-05 02:40:40','2026-02-05 02:55:00'),(28,'RR-202602-005','Pabillo, Joana Rosales','joana.pabillo.fa@sanden-rs.com','AFTER SALES','Hardware Components',NULL,NULL,NULL,NULL,NULL,NULL,NULL,NULL,'Repair_Request','Office colored printer repair (EPSON 192.168.4.105)','Medium',NULL,'Completed','2026-02-05 05:54:16','2026-02-05 07:37:00'),(29,'RR-202602-006','Salagubang, Jeffrey Contreras','jeffrey.salagubang.js@sanden-rs.com','MIS','Desktop',NULL,NULL,NULL,NULL,NULL,NULL,NULL,NULL,'Repair_Request','test email additional google drive access api','Low',NULL,'Disapproved','2026-02-05 07:30:20','2026-02-06 00:16:02'),(30,'RR-202602-007','Rabandaban, Richie Calanog','richie.rabandaban.rr@sanden-rs.com','FINANCE','SAP B1 Hana System',NULL,NULL,NULL,NULL,NULL,NULL,NULL,NULL,'Repair_Request','Module for Fixed Asset & Lapsing and Bank Reconciliation','Low',NULL,'Completed','2026-02-05 07:57:23','2026-02-05 09:07:42'),(31,'RR-202602-008','Alcantara, Christian Katigbak','christian.alcantara.ut@sanden-rs.com','AFTER SALES','Installation of Application',NULL,NULL,NULL,NULL,NULL,NULL,NULL,NULL,'Repair_Request','Installation of Application and Access\r\n1. WeChat, WhatsApp (use for communication in our suppliers)\r\n2. Adobe PDF for viewer\r\n3. Access for IP configuration for remote monitoring purposes','Low',NULL,'Completed','2026-02-06 00:49:45','2026-02-06 01:07:41'),(32,'RR-202602-009','Lantican, Mart Joshua Palma','mart.lantican.ml@sanden-rs.com','COLD CHAIN','Software Application',NULL,NULL,NULL,NULL,NULL,NULL,NULL,NULL,'Repair_Request','Installation of new software','Medium','[\"Screenshot 2026-02-06 102323_20260206_103828_Bayly6.png\"]','Completed','2026-02-06 02:38:28','2026-02-09 02:42:36'),(33,'RR-202602-010','Olivera, Neil Erzon Esquilon','neil.olivera.no@sanden-rs.com','ADMIN','Other',NULL,NULL,NULL,NULL,NULL,NULL,NULL,NULL,'Repair_Request','ASSET TAGGING PRINTING - FA POLICY','Medium','[\"Book1_20260206_172636_EAQbjZ.xlsx\"]','Pending','2026-02-06 09:26:36','2026-02-06 09:26:36'),(34,'PR-202602-001','Cubio, Nelson Maliksi','nelson.cubio.nc@sanden-rs.com','ADMIN',NULL,NULL,NULL,NULL,NULL,'FIRE AND EARTHQUAKE DRILL 2026',NULL,NULL,NULL,'Project_Request','Documentation of the Fire and Earthquake Drill 2026 through photo and video coverage during the actual drill.','Medium',NULL,'Pending','2026-02-09 08:54:01','2026-02-09 08:54:01');
/*!40000 ALTER TABLE `it_request_tbl` ENABLE KEYS */;
UNLOCK TABLES;

--
-- Table structure for table `maintenance_modes`
--

DROP TABLE IF EXISTS `maintenance_modes`;
/*!40101 SET @saved_cs_client     = @@character_set_client */;
/*!50503 SET character_set_client = utf8mb4 */;
CREATE TABLE `maintenance_modes` (
  `id` bigint unsigned NOT NULL AUTO_INCREMENT,
  `route_name` varchar(255) COLLATE utf8mb4_unicode_ci NOT NULL,
  `enabled` tinyint(1) NOT NULL DEFAULT '0',
  `created_at` timestamp NULL DEFAULT CURRENT_TIMESTAMP,
  `updated_at` timestamp NULL DEFAULT CURRENT_TIMESTAMP,
  PRIMARY KEY (`id`)
) ENGINE=InnoDB AUTO_INCREMENT=86 DEFAULT CHARSET=utf8mb4 COLLATE=utf8mb4_unicode_ci;
/*!40101 SET character_set_client = @saved_cs_client */;

--
-- Dumping data for table `maintenance_modes`
--

LOCK TABLES `maintenance_modes` WRITE;
/*!40000 ALTER TABLE `maintenance_modes` DISABLE KEYS */;
INSERT INTO `maintenance_modes` VALUES (10,'login',0,'2025-10-02 07:00:42','2025-10-02 07:00:42'),(11,'login.process',0,'2025-10-02 07:00:42','2025-10-02 07:00:42'),(12,'dashboard',0,'2025-10-02 07:00:42','2025-10-02 07:00:42'),(13,'portal',0,'2025-10-02 07:00:42','2025-10-02 07:00:42'),(14,'inventory.data',0,'2025-10-02 07:00:42','2025-10-02 07:00:42'),(15,'send.button',0,'2025-10-02 07:00:42','2025-10-02 07:00:42'),(16,'pdf.view',0,'2025-10-02 07:00:42','2025-10-02 07:00:42'),(17,'logout',0,'2025-10-02 07:00:42','2025-10-02 07:00:42'),(18,'password.update',0,'2025-10-02 07:00:42','2025-10-02 07:00:42'),(20,'computer.inventory',0,'2025-10-02 07:00:42','2025-10-02 07:00:42'),(21,'policy.render',0,'2025-10-02 07:00:42','2025-10-02 07:00:42'),(22,'sftp.download',0,'2025-10-02 07:00:42','2025-10-02 07:00:42'),(23,'calendar.events',0,'2025-10-02 07:00:42','2025-10-02 07:00:42'),(24,'calendar.store',0,'2025-10-02 07:00:42','2025-10-02 07:00:42'),(25,'calendar.show',0,'2025-10-02 07:00:42','2025-10-02 07:00:42'),(26,'calendar.destroy',0,'2025-10-02 07:00:42','2025-10-02 07:00:42'),(27,'api.holidays',0,'2025-10-02 07:00:42','2025-10-02 07:00:42'),(28,'docs.version_control',0,'2025-10-02 07:00:42','2025-10-02 07:00:42'),(29,'versions.view',0,'2025-10-02 07:00:42','2025-10-02 07:00:42'),(30,'policies.page.upload',0,'2025-10-02 07:00:42','2025-10-02 07:00:42'),(31,'filename.policies',0,'2025-10-02 07:00:42','2025-10-02 07:00:42'),(32,'upload.policies',0,'2025-10-02 07:00:42','2025-10-02 07:00:42'),(33,'policy.update',0,'2025-10-02 07:00:42','2025-10-02 07:00:42'),(34,'pdf.delete',0,'2025-10-02 07:00:42','2025-10-02 07:00:42'),(35,'policy.data',0,'2025-10-02 07:00:42','2025-10-02 07:00:42'),(36,'special-access.index',0,'2025-10-02 07:00:42','2025-10-02 07:00:42'),(37,'special.access.assign',0,'2025-10-02 07:00:42','2025-10-02 07:00:42'),(38,'special.access.addFeature',0,'2025-10-02 07:00:42','2025-10-02 07:00:42'),(39,'special.access.removeFeature',0,'2025-10-02 07:00:42','2025-10-02 07:00:42'),(40,'special-access.features.delete',0,'2025-10-02 07:00:42','2025-10-02 07:00:42'),(41,'it.request.insert',0,'2025-10-02 07:00:42','2025-10-02 07:00:42'),(42,'fields',0,'2025-10-02 07:00:42','2025-10-02 07:00:42'),(43,'IT.RequestForm',0,'2025-10-02 07:00:42','2025-10-02 07:00:42'),(44,'Shuttle_Form',1,'2025-10-02 07:00:42','2025-10-02 07:00:42'),(45,'Deposit_Form',1,'2025-10-02 07:00:42','2025-10-02 07:00:42'),(46,'LunchPass_Form',0,'2025-10-02 07:00:42','2025-10-02 07:00:42'),(47,'IT.Request.Data.view',0,'2025-10-02 07:00:42','2025-10-02 07:00:42'),(48,'itrequest.approval',0,'2025-10-02 07:00:42','2025-10-02 07:00:42'),(49,'IT.Request.Form.Data',0,'2025-10-02 07:00:42','2025-10-02 07:00:42'),(50,'it_request.reference_data',0,'2025-10-02 07:00:42','2025-10-02 07:00:42'),(51,'it_request.approval.store',0,'2025-10-02 07:00:42','2025-10-02 07:00:42'),(52,'notifications.index',0,'2025-10-02 07:00:42','2025-10-02 07:00:42'),(53,'activities.store',0,'2025-10-02 07:00:42','2025-10-02 07:00:42'),(54,'activities.destroy',0,'2025-10-02 07:00:42','2025-10-02 07:00:42'),(55,'activities.create_view',0,'2025-10-02 07:00:42','2025-10-02 07:00:42'),(56,'activities.statistics_view',0,'2025-10-02 07:00:42','2025-10-02 07:00:42'),(57,'activities.team_registration',0,'2025-10-02 07:00:42','2025-10-02 07:00:42'),(58,'activities.list',0,'2025-10-02 07:00:42','2025-10-02 07:00:42'),(59,'activities.view.list',0,'2025-10-02 07:00:42','2025-10-02 07:00:42'),(60,'activities.getFields',0,'2025-10-02 07:00:42','2025-10-02 07:00:42'),(61,'activities.listActivity',0,'2025-10-02 07:00:42','2025-10-02 07:00:42'),(62,'activities.findPendingLevel',0,'2025-10-02 07:00:42','2025-10-02 07:00:42'),(63,'submission.store',0,'2025-10-02 07:00:42','2025-10-02 07:00:42'),(64,'activityLog.updateStatus',0,'2025-10-02 07:00:42','2025-10-02 07:00:42'),(65,'activities.updateLevel',0,'2025-10-02 07:00:42','2025-10-02 07:00:42'),(66,'teams.store',0,'2025-10-02 07:00:42','2025-10-02 07:00:42'),(67,'teams.index',0,'2025-10-02 07:00:42','2025-10-02 07:00:42'),(68,'approvalForm.activity',0,'2025-10-02 07:00:42','2025-10-02 07:00:42'),(69,'activityLog.data',0,'2025-10-02 07:00:42','2025-10-02 07:00:42'),(70,'teams.list',0,'2025-10-02 07:00:42','2025-10-02 07:00:42'),(71,'teams.activity_logs',0,'2025-10-02 07:00:42','2025-10-02 07:00:42'),(72,'teams.members',0,'2025-10-02 07:00:42','2025-10-02 07:00:42'),(73,'teams.checkName',0,'2025-10-02 07:00:42','2025-10-02 07:00:42'),(74,'teams.activitiesList',0,'2025-10-02 07:00:42','2025-10-02 07:00:42'),(75,'team.ranking',0,'2025-10-02 07:00:42','2025-10-02 07:00:42'),(76,'teams.delete',0,'2025-10-02 07:00:42','2025-10-02 07:00:42'),(77,'teams.checkUserPendingStatus',0,'2025-10-02 07:00:42','2025-10-02 07:00:42'),(78,'teams.checkSize',0,'2025-10-02 07:00:42','2025-10-02 07:00:42'),(79,'scanner',0,'2025-10-02 07:04:36','2025-10-02 07:04:36'),(80,'activities.log-form',0,'2025-10-02 07:05:04','2025-10-02 07:05:04'),(81,'categorytbl',1,NULL,NULL),(82,'it_request.approvalForm',0,NULL,NULL),(83,'vpn.page',0,NULL,NULL),(85,'document.render',1,'2026-01-29 07:45:09','2026-01-29 07:45:09');
/*!40000 ALTER TABLE `maintenance_modes` ENABLE KEYS */;
UNLOCK TABLES;

--
-- Table structure for table `migrations`
--

DROP TABLE IF EXISTS `migrations`;
/*!40101 SET @saved_cs_client     = @@character_set_client */;
/*!50503 SET character_set_client = utf8mb4 */;
CREATE TABLE `migrations` (
  `id` int unsigned NOT NULL AUTO_INCREMENT,
  `migration` varchar(255) COLLATE utf8mb4_unicode_ci NOT NULL,
  `batch` int NOT NULL,
  PRIMARY KEY (`id`)
) ENGINE=InnoDB AUTO_INCREMENT=38 DEFAULT CHARSET=utf8mb4 COLLATE=utf8mb4_unicode_ci;
/*!40101 SET character_set_client = @saved_cs_client */;

--
-- Dumping data for table `migrations`
--

LOCK TABLES `migrations` WRITE;
/*!40000 ALTER TABLE `migrations` DISABLE KEYS */;
INSERT INTO `migrations` VALUES (1,'2014_10_12_000000_create_users_table',1),(2,'2014_10_12_100000_create_password_reset_tokens_table',1),(3,'2019_08_19_000000_create_failed_jobs_table',1),(4,'2019_12_14_000001_create_personal_access_tokens_table',1),(5,'2025_07_18_050407_add_role_to_users_table',2),(8,'2025_07_18_060109_create_inventory_tbl_table',3),(9,'2025_07_18_063304_create_documents_table',4),(10,'2025_07_24_032636_add_file_type_to_documents_table',5),(11,'2025_07_25_024851_create_special_access_users_table',6),(12,'2025_07_25_062957_create_features_table',7),(13,'2025_07_25_065058_create_special_access_users_table',8),(14,'2025_07_31_020840_add_department_to_users_table',9),(15,'2025_07_31_021108_add_status_position_to_users_table',10),(18,'2025_07_31_050724_create_item_request_tbl',11),(19,'2025_08_01_072303_add_doc_type_upload_date_control_type_to_documents_table',12),(20,'2025_08_06_134319_create_events_table',13),(21,'2025_08_07_113631_add_agenda_and_pic_to_events_table',14),(22,'2025_08_15_094921_create_intranet_version_table',15),(23,'2025_08_26_152352_create_sessions_table',16),(25,'2025_09_01_110405_create_it_request_tbl',17),(26,'2025_09_04_144247_create_it_request_approval_table',18),(27,'2025_09_09_132629_create_activity_team_tables',19),(28,'2025_09_12_095416_change_progress_value_to_decimal_in_team_user_table',20),(29,'2025_09_16_111743_add_progress_value_exceed_to_submissions_table',21),(30,'2025_09_19_112605_add_status_to_activities_table',22),(31,'2025_09_22_081918_add_level_active_to_activities_table',23),(32,'2025_10_02_145241_create_maintenance_modes_table',24),(33,'2025_10_27_130634_add_password_changed_to_users_table',25),(34,'2025_10_28_083421_create_category_tbl',26),(35,'2025_11_03_104258_create_request_types_table',27),(36,'2025_11_14_085417_create_vpn_accounts_table',28),(37,'2026_01_23_110019_add_submission_type_to_submissions_table',29);
/*!40000 ALTER TABLE `migrations` ENABLE KEYS */;
UNLOCK TABLES;

--
-- Table structure for table `password_reset_tokens`
--

DROP TABLE IF EXISTS `password_reset_tokens`;
/*!40101 SET @saved_cs_client     = @@character_set_client */;
/*!50503 SET character_set_client = utf8mb4 */;
CREATE TABLE `password_reset_tokens` (
  `email` varchar(255) COLLATE utf8mb4_unicode_ci NOT NULL,
  `token` varchar(255) COLLATE utf8mb4_unicode_ci NOT NULL,
  `created_at` timestamp NULL DEFAULT NULL,
  PRIMARY KEY (`email`)
) ENGINE=InnoDB DEFAULT CHARSET=utf8mb4 COLLATE=utf8mb4_unicode_ci;
/*!40101 SET character_set_client = @saved_cs_client */;

--
-- Dumping data for table `password_reset_tokens`
--

LOCK TABLES `password_reset_tokens` WRITE;
/*!40000 ALTER TABLE `password_reset_tokens` DISABLE KEYS */;
/*!40000 ALTER TABLE `password_reset_tokens` ENABLE KEYS */;
UNLOCK TABLES;

--
-- Table structure for table `pcv_logs`
--

DROP TABLE IF EXISTS `pcv_logs`;
/*!40101 SET @saved_cs_client     = @@character_set_client */;
/*!50503 SET character_set_client = utf8mb4 */;
CREATE TABLE `pcv_logs` (
  `id` bigint unsigned NOT NULL AUTO_INCREMENT,
  `user_id` bigint unsigned NOT NULL,
  `last_series_no` varchar(255) CHARACTER SET utf8mb4 COLLATE utf8mb4_unicode_ci NOT NULL,
  `department` bigint NOT NULL,
  `unique_code` text CHARACTER SET utf8mb4 COLLATE utf8mb4_unicode_ci NOT NULL,
  `created_at` timestamp NULL DEFAULT NULL,
  `updated_at` timestamp NULL DEFAULT NULL,
  PRIMARY KEY (`id`),
  KEY `pcv_logs_user_id_foreign` (`user_id`),
  CONSTRAINT `pcv_logs_user_id_foreign` FOREIGN KEY (`user_id`) REFERENCES `users` (`id`) ON DELETE CASCADE
) ENGINE=InnoDB AUTO_INCREMENT=7 DEFAULT CHARSET=utf8mb4 COLLATE=utf8mb4_unicode_ci;
/*!40101 SET character_set_client = @saved_cs_client */;

--
-- Dumping data for table `pcv_logs`
--

LOCK TABLES `pcv_logs` WRITE;
/*!40000 ALTER TABLE `pcv_logs` DISABLE KEYS */;
INSERT INTO `pcv_logs` VALUES (1,100,'LOG26-0004',2,'{\"LOG26-0001\":\"PAUvhuLNoQ9m\",\"LOG26-0002\":\"DoQHOmMXxdQA\",\"LOG26-0003\":\"e7Qh3cM0Nu7U\",\"LOG26-0004\":\"bqPGWmtEkCtl\"}','2026-01-16 06:03:00','2026-01-16 06:03:00'),(2,84,'LOG26-0008',2,'{\"LOG26-0005\":\"YB7wIOeo7NiS\",\"LOG26-0006\":\"sEKGVrOslWlP\",\"LOG26-0007\":\"N6trf7qDfimD\",\"LOG26-0008\":\"zSQluf5iEHtL\"}','2026-01-16 06:10:22','2026-01-16 06:10:22'),(3,100,'LOG26-0012',2,'{\"LOG26-0009\":\"UpGZZWSNx7AC\",\"LOG26-0010\":\"LBKIWuh6wIDw\",\"LOG26-0011\":\"oAf8zNtqsAfF\",\"LOG26-0012\":\"FuI9dCqbjo9S\"}','2026-02-02 03:29:34','2026-02-02 03:29:34'),(4,100,'ADM26-0004',15,'{\"ADM26-0001\":\"eswCBa0v12qO\",\"ADM26-0002\":\"NQXxRZ3Z8RCv\",\"ADM26-0003\":\"huCVwGm3sfLN\",\"ADM26-0004\":\"mhR5iWoYVh3f\"}','2026-02-02 05:07:22','2026-02-02 05:07:22'),(5,100,'ADM26-0004',8,'{\"ADM26-0001\":\"qwV4b9UdtjuD\",\"ADM26-0002\":\"QvNRxIqtxbdO\",\"ADM26-0003\":\"CjuJYNOJ06fi\",\"ADM26-0004\":\"MXRs20Fp6UfK\"}','2026-02-02 05:08:50','2026-02-02 05:08:50'),(6,100,'ADM26-0008',8,'{\"ADM26-0005\":\"WywsIoL962N9\",\"ADM26-0006\":\"WwWnbR7Ef1Ob\",\"ADM26-0007\":\"CKWbVcgqBWiq\",\"ADM26-0008\":\"xrnbFHKbIPJO\"}','2026-02-02 05:09:02','2026-02-02 05:09:02');
/*!40000 ALTER TABLE `pcv_logs` ENABLE KEYS */;
UNLOCK TABLES;

--
-- Table structure for table `pcv_user`
--

DROP TABLE IF EXISTS `pcv_user`;
/*!40101 SET @saved_cs_client     = @@character_set_client */;
/*!50503 SET character_set_client = utf8mb4 */;
CREATE TABLE `pcv_user` (
  `id` bigint unsigned NOT NULL AUTO_INCREMENT,
  `user_id` bigint unsigned NOT NULL,
  `allowed_department` json NOT NULL,
  `created_at` timestamp NULL DEFAULT NULL,
  `updated_at` timestamp NULL DEFAULT NULL,
  PRIMARY KEY (`id`),
  KEY `pcv_user_user_id_foreign` (`user_id`),
  CONSTRAINT `pcv_user_user_id_foreign` FOREIGN KEY (`user_id`) REFERENCES `users` (`id`) ON DELETE CASCADE
) ENGINE=InnoDB AUTO_INCREMENT=15 DEFAULT CHARSET=utf8mb4 COLLATE=utf8mb4_unicode_ci;
/*!40101 SET character_set_client = @saved_cs_client */;

--
-- Dumping data for table `pcv_user`
--

LOCK TABLES `pcv_user` WRITE;
/*!40000 ALTER TABLE `pcv_user` DISABLE KEYS */;
INSERT INTO `pcv_user` VALUES (1,98,'[9, 10, 5, 7, 4, 2, 3, 8]',NULL,NULL),(2,57,'[9]',NULL,NULL),(3,76,'[10]',NULL,NULL),(4,72,'[5]',NULL,NULL),(5,78,'[7]',NULL,NULL),(6,26,'[4]',NULL,NULL),(7,64,'[3]',NULL,NULL),(8,27,'[2]',NULL,NULL),(9,100,'[9, 10, 5, 7, 4, 2, 3, 8]',NULL,NULL),(10,18,'[9, 10, 5, 7, 4, 2, 3, 8]',NULL,NULL),(11,53,'[9, 10, 5, 7, 4, 2, 3, 8]',NULL,NULL),(12,97,'[9, 10, 5, 7, 4, 2, 3, 8]',NULL,NULL),(13,34,'[9, 10, 5, 7, 4, 2, 3, 8]',NULL,NULL),(14,84,'[9, 10, 5, 7, 4, 2, 3, 8]',NULL,NULL);
/*!40000 ALTER TABLE `pcv_user` ENABLE KEYS */;
UNLOCK TABLES;

--
-- Table structure for table `personal_access_tokens`
--

DROP TABLE IF EXISTS `personal_access_tokens`;
/*!40101 SET @saved_cs_client     = @@character_set_client */;
/*!50503 SET character_set_client = utf8mb4 */;
CREATE TABLE `personal_access_tokens` (
  `id` bigint unsigned NOT NULL AUTO_INCREMENT,
  `tokenable_type` varchar(255) COLLATE utf8mb4_unicode_ci NOT NULL,
  `tokenable_id` bigint unsigned NOT NULL,
  `name` varchar(255) COLLATE utf8mb4_unicode_ci NOT NULL,
  `token` varchar(64) COLLATE utf8mb4_unicode_ci NOT NULL,
  `abilities` text COLLATE utf8mb4_unicode_ci,
  `last_used_at` timestamp NULL DEFAULT NULL,
  `expires_at` timestamp NULL DEFAULT NULL,
  `created_at` timestamp NULL DEFAULT NULL,
  `updated_at` timestamp NULL DEFAULT NULL,
  PRIMARY KEY (`id`),
  UNIQUE KEY `personal_access_tokens_token_unique` (`token`),
  KEY `personal_access_tokens_tokenable_type_tokenable_id_index` (`tokenable_type`,`tokenable_id`)
) ENGINE=InnoDB DEFAULT CHARSET=utf8mb4 COLLATE=utf8mb4_unicode_ci;
/*!40101 SET character_set_client = @saved_cs_client */;

--
-- Dumping data for table `personal_access_tokens`
--

LOCK TABLES `personal_access_tokens` WRITE;
/*!40000 ALTER TABLE `personal_access_tokens` DISABLE KEYS */;
/*!40000 ALTER TABLE `personal_access_tokens` ENABLE KEYS */;
UNLOCK TABLES;

--
-- Table structure for table `request_types`
--

DROP TABLE IF EXISTS `request_types`;
/*!40101 SET @saved_cs_client     = @@character_set_client */;
/*!50503 SET character_set_client = utf8mb4 */;
CREATE TABLE `request_types` (
  `id` bigint unsigned NOT NULL AUTO_INCREMENT,
  `name` varchar(255) COLLATE utf8mb4_unicode_ci NOT NULL,
  `can_bypass` tinyint(1) NOT NULL DEFAULT '0',
  `description` text COLLATE utf8mb4_unicode_ci,
  `created_at` timestamp NULL DEFAULT NULL,
  `updated_at` timestamp NULL DEFAULT NULL,
  PRIMARY KEY (`id`)
) ENGINE=InnoDB DEFAULT CHARSET=utf8mb4 COLLATE=utf8mb4_unicode_ci;
/*!40101 SET character_set_client = @saved_cs_client */;

--
-- Dumping data for table `request_types`
--

LOCK TABLES `request_types` WRITE;
/*!40000 ALTER TABLE `request_types` DISABLE KEYS */;
/*!40000 ALTER TABLE `request_types` ENABLE KEYS */;
UNLOCK TABLES;

--
-- Table structure for table `sessions`
--

DROP TABLE IF EXISTS `sessions`;
/*!40101 SET @saved_cs_client     = @@character_set_client */;
/*!50503 SET character_set_client = utf8mb4 */;
CREATE TABLE `sessions` (
  `id` varchar(255) COLLATE utf8mb4_unicode_ci NOT NULL,
  `user_id` bigint unsigned DEFAULT NULL,
  `ip_address` varchar(45) COLLATE utf8mb4_unicode_ci DEFAULT NULL,
  `user_agent` text COLLATE utf8mb4_unicode_ci,
  `payload` longtext COLLATE utf8mb4_unicode_ci NOT NULL,
  `last_activity` int NOT NULL,
  PRIMARY KEY (`id`),
  KEY `sessions_user_id_index` (`user_id`),
  KEY `sessions_last_activity_index` (`last_activity`)
) ENGINE=InnoDB DEFAULT CHARSET=utf8mb4 COLLATE=utf8mb4_unicode_ci;
/*!40101 SET character_set_client = @saved_cs_client */;

--
-- Dumping data for table `sessions`
--

LOCK TABLES `sessions` WRITE;
/*!40000 ALTER TABLE `sessions` DISABLE KEYS */;
INSERT INTO `sessions` VALUES ('020BC6is4TXseszSW9z79qVROgGncBLGGUNP6WAZ',NULL,'10.212.134.151','Mozilla/5.0 (Windows NT 10.0; Win64; x64) AppleWebKit/537.36 (KHTML, like Gecko) Chrome/144.0.0.0 Safari/537.36','YTozOntzOjY6Il90b2tlbiI7czo0MDoiVkc5U2h6YURrWnltYXQwUk9sQ1RLaTVTYmNKN2huNjdnWnhuVnRlRSI7czo5OiJfcHJldmlvdXMiO2E6MTp7czozOiJ1cmwiO3M6Mjc6Imh0dHBzOi8vaW50cmFuZXQuc2FuZGVuLm5ldCI7fXM6NjoiX2ZsYXNoIjthOjI6e3M6Mzoib2xkIjthOjA6e31zOjM6Im5ldyI7YTowOnt9fX0=',1770627290),('27JyMlDN3L5V1TYoIJUZCOhDAHF9L0YuZjMkCqXE',NULL,'192.168.5.145','Mozilla/5.0 (Windows NT 10.0; Win64; x64) AppleWebKit/537.36 (KHTML, like Gecko) Chrome/144.0.0.0 Safari/537.36','YTozOntzOjY6Il90b2tlbiI7czo0MDoiN1lCY3BmeEhIeUYxbzZZQTdWdVRrNlB3VUtiTkJYMGN3YjRJQmZBOCI7czo5OiJfcHJldmlvdXMiO2E6MTp7czozOiJ1cmwiO3M6Mjc6Imh0dHBzOi8vaW50cmFuZXQuc2FuZGVuLm5ldCI7fXM6NjoiX2ZsYXNoIjthOjI6e3M6Mzoib2xkIjthOjA6e31zOjM6Im5ldyI7YTowOnt9fX0=',1770627687),('2KJQc0BirC0WQ5LwBPz43tL0vnU5igwcbw3onQYB',NULL,'10.212.134.151','Mozilla/5.0 (Windows NT 10.0; Win64; x64) AppleWebKit/537.36 (KHTML, like Gecko) Chrome/144.0.0.0 Safari/537.36','YTozOntzOjY6Il90b2tlbiI7czo0MDoiOEhRbXc0T2ZIeGtmNEMxdEs1djhLMGsyS3UxdDVDQkt2aWJTT0FiWSI7czo5OiJfcHJldmlvdXMiO2E6MTp7czozOiJ1cmwiO3M6Mjc6Imh0dHBzOi8vaW50cmFuZXQuc2FuZGVuLm5ldCI7fXM6NjoiX2ZsYXNoIjthOjI6e3M6Mzoib2xkIjthOjA6e31zOjM6Im5ldyI7YTowOnt9fX0=',1770637343),('321E0KkahS8dlK4DJV9mQ0xp6awnXq2qxn6jzTP6',NULL,'192.168.4.169','Mozilla/5.0 (Windows NT 10.0; Win64; x64) AppleWebKit/537.36 (KHTML, like Gecko) Chrome/144.0.0.0 Safari/537.36','YTozOntzOjY6Il90b2tlbiI7czo0MDoiWThFS3JJb3AzZFBIMkNCZ3RQQzcxd1F0RzFJekZaR2Y1U0dKYXUyWiI7czo5OiJfcHJldmlvdXMiO2E6MTp7czozOiJ1cmwiO3M6Mjc6Imh0dHBzOi8vaW50cmFuZXQuc2FuZGVuLm5ldCI7fXM6NjoiX2ZsYXNoIjthOjI6e3M6Mzoib2xkIjthOjA6e31zOjM6Im5ldyI7YTowOnt9fX0=',1770651426),('4BY7wcWRPFf8HLQVuCLQxji7NP82bORdwLU0rOP3',NULL,'192.168.5.117','Mozilla/5.0 (Windows NT 10.0; Win64; x64) AppleWebKit/537.36 (KHTML, like Gecko) Chrome/144.0.0.0 Safari/537.36','YTozOntzOjY6Il90b2tlbiI7czo0MDoidFQ3eXUwMURXRlFPZ0JaSmVtWWV2enBXNnhNWmZnUFd5OXVQRlN2YyI7czo5OiJfcHJldmlvdXMiO2E6MTp7czozOiJ1cmwiO3M6Mjc6Imh0dHBzOi8vaW50cmFuZXQuc2FuZGVuLm5ldCI7fXM6NjoiX2ZsYXNoIjthOjI6e3M6Mzoib2xkIjthOjA6e31zOjM6Im5ldyI7YTowOnt9fX0=',1770627628),('4pj3U0o2Cy0MSltJRgb91AgPPJRMHZivHwxuTAzJ',NULL,'10.212.134.150','Mozilla/5.0 (Windows NT 10.0; Win64; x64) AppleWebKit/537.36 (KHTML, like Gecko) Chrome/144.0.0.0 Safari/537.36','YTozOntzOjY6Il90b2tlbiI7czo0MDoiaU1Rb1NHU0c0cGZVeGlpNmhVNU9zMzE0NW1DVnJTeVhvV01UdENRTSI7czo5OiJfcHJldmlvdXMiO2E6MTp7czozOiJ1cmwiO3M6Mjc6Imh0dHBzOi8vaW50cmFuZXQuc2FuZGVuLm5ldCI7fXM6NjoiX2ZsYXNoIjthOjI6e3M6Mzoib2xkIjthOjA6e31zOjM6Im5ldyI7YTowOnt9fX0=',1770637004),('dF62vfVIzSPB2biLw0heh6n5GOOg3jQIa8gevXBl',NULL,'192.168.4.103','Mozilla/5.0 (Windows NT 10.0; Win64; x64) AppleWebKit/537.36 (KHTML, like Gecko) Chrome/144.0.0.0 Safari/537.36','YTozOntzOjY6Il90b2tlbiI7czo0MDoiSTkwU2JxclRwcmpyelV3YTRQdEY5SHhmbzh5WlZqeTNua2ZaMmxHNiI7czo5OiJfcHJldmlvdXMiO2E6MTp7czozOiJ1cmwiO3M6Mjc6Imh0dHBzOi8vaW50cmFuZXQuc2FuZGVuLm5ldCI7fXM6NjoiX2ZsYXNoIjthOjI6e3M6Mzoib2xkIjthOjA6e31zOjM6Im5ldyI7YTowOnt9fX0=',1770624618),('EirTOMIUXardTFaz51kQkmcTRbPEuGKAOhgI6tO2',NULL,'192.168.5.119','Mozilla/5.0 (Windows NT 10.0; Win64; x64) AppleWebKit/537.36 (KHTML, like Gecko) Chrome/144.0.0.0 Safari/537.36','YTozOntzOjY6Il90b2tlbiI7czo0MDoib0E1M1dZZG9hZHJpRXAxWFA0RFVSUEpHZ0VNck13ZjhmNUUxSFlIWCI7czo5OiJfcHJldmlvdXMiO2E6MTp7czozOiJ1cmwiO3M6Mjc6Imh0dHBzOi8vaW50cmFuZXQuc2FuZGVuLm5ldCI7fXM6NjoiX2ZsYXNoIjthOjI6e3M6Mzoib2xkIjthOjA6e31zOjM6Im5ldyI7YTowOnt9fX0=',1770624630),('HnxyBDcL8ANYfs1UwSUxSHa0wGMJwhVdlELdvohQ',NULL,'10.212.134.150','Mozilla/5.0 (Windows NT 10.0; Win64; x64) AppleWebKit/537.36 (KHTML, like Gecko) Chrome/144.0.0.0 Safari/537.36','YTozOntzOjY6Il90b2tlbiI7czo0MDoiYk9aTkRTWm1VVzhZRXdmZTVwbnBLZWQxS0MyQW9zMVdrSElWZzBTOCI7czo5OiJfcHJldmlvdXMiO2E6MTp7czozOiJ1cmwiO3M6Mjc6Imh0dHBzOi8vaW50cmFuZXQuc2FuZGVuLm5ldCI7fXM6NjoiX2ZsYXNoIjthOjI6e3M6Mzoib2xkIjthOjA6e31zOjM6Im5ldyI7YTowOnt9fX0=',1770630627),('Hp42lGAKUNOq7LwFEhWYotOvk9RBETWRwvYbg9i4',NULL,'192.168.4.169','Mozilla/5.0 (Windows NT 10.0; Win64; x64) AppleWebKit/537.36 (KHTML, like Gecko) Chrome/144.0.0.0 Safari/537.36','YTozOntzOjY6Il90b2tlbiI7czo0MDoiZ0RTVW5uTFFUd3B0a0E3ZENzbmNvTHlqRVI5Z09Lc0dScmc2REdpaCI7czo5OiJfcHJldmlvdXMiO2E6MTp7czozOiJ1cmwiO3M6Mjc6Imh0dHBzOi8vaW50cmFuZXQuc2FuZGVuLm5ldCI7fXM6NjoiX2ZsYXNoIjthOjI6e3M6Mzoib2xkIjthOjA6e31zOjM6Im5ldyI7YTowOnt9fX0=',1770645375),('IrZrkRfaNMtJ7LYaaZQe7yaaOpGREHl23OgyvL3O',100,'10.212.134.150','Mozilla/5.0 (Windows NT 10.0; Win64; x64) AppleWebKit/537.36 (KHTML, like Gecko) Chrome/144.0.0.0 Safari/537.36','YTo0OntzOjY6Il90b2tlbiI7czo0MDoibjhabmgxalRuQ01JZEk1QmFBRFdVVVl2c1VVSERhTnZGb0RNNWtFVCI7czo5OiJfcHJldmlvdXMiO2E6MTp7czozOiJ1cmwiO3M6NDA6Imh0dHBzOi8vaW50cmFuZXQuc2FuZGVuLm5ldC92cG4tYWNjb3VudHMiO31zOjY6Il9mbGFzaCI7YToyOntzOjM6Im9sZCI7YTowOnt9czozOiJuZXciO2E6MDp7fX1zOjUwOiJsb2dpbl93ZWJfNTliYTM2YWRkYzJiMmY5NDAxNTgwZjAxNGM3ZjU4ZWE0ZTMwOTg5ZCI7aToxMDA7fQ==',1770633759),('k8WAGw8TWNR6zxOcbThU82WhDa7ux95kawvRzTue',NULL,'192.168.5.106','Mozilla/5.0 (Windows NT 10.0; Win64; x64) AppleWebKit/537.36 (KHTML, like Gecko) Chrome/122.0.0.0 Safari/537.36','YTozOntzOjY6Il90b2tlbiI7czo0MDoiSTBLVnpLNzA5amt6UEpHeGNmWGZtZEc5bFgyc1lGN0tXM3VldlpkSyI7czo5OiJfcHJldmlvdXMiO2E6MTp7czozOiJ1cmwiO3M6Mjc6Imh0dHBzOi8vaW50cmFuZXQuc2FuZGVuLm5ldCI7fXM6NjoiX2ZsYXNoIjthOjI6e3M6Mzoib2xkIjthOjA6e31zOjM6Im5ldyI7YTowOnt9fX0=',1770628540),('KVJE2ME8GMAYXN3p2s0CxDH9xw2QE3N79twHddC1',NULL,'192.168.4.169','Mozilla/5.0 (Windows NT 10.0; Win64; x64) AppleWebKit/537.36 (KHTML, like Gecko) Chrome/144.0.0.0 Safari/537.36','YTozOntzOjY6Il90b2tlbiI7czo0MDoiWjN0aVFicDRhVGluaVZoOU42Tnkyd0x4MUxiU1NtQnlCdENJakpUdiI7czo5OiJfcHJldmlvdXMiO2E6MTp7czozOiJ1cmwiO3M6Mjc6Imh0dHBzOi8vaW50cmFuZXQuc2FuZGVuLm5ldCI7fXM6NjoiX2ZsYXNoIjthOjI6e3M6Mzoib2xkIjthOjA6e31zOjM6Im5ldyI7YTowOnt9fX0=',1770643951),('Med6JO1iAqeZanl6CNy9cyuy404m1KB4Sck1MgKi',NULL,'10.212.134.152','Mozilla/5.0 (Windows NT 10.0; Win64; x64) AppleWebKit/537.36 (KHTML, like Gecko) Chrome/144.0.0.0 Safari/537.36','YTozOntzOjY6Il90b2tlbiI7czo0MDoiR2c3ekphUWhJbWVobFhWNHZ6aWhTZkFlU2JOZnlBeHNuUlhOZFZwaCI7czo5OiJfcHJldmlvdXMiO2E6MTp7czozOiJ1cmwiO3M6Mjc6Imh0dHBzOi8vaW50cmFuZXQuc2FuZGVuLm5ldCI7fXM6NjoiX2ZsYXNoIjthOjI6e3M6Mzoib2xkIjthOjA6e31zOjM6Im5ldyI7YTowOnt9fX0=',1770624122),('nmC2obSDS79Ow5PHC4AYhTptgdpDomz2KvVcwSsd',NULL,'10.212.134.151','Mozilla/5.0 (Windows NT 10.0; Win64; x64) AppleWebKit/537.36 (KHTML, like Gecko) Chrome/144.0.0.0 Safari/537.36','YTozOntzOjY6Il90b2tlbiI7czo0MDoieUJUS1A4cXMyc2hWNWZUNjJjRlcycDBudWM4VG9rVVZDbkdhTHJWaiI7czo5OiJfcHJldmlvdXMiO2E6MTp7czozOiJ1cmwiO3M6Mjc6Imh0dHBzOi8vaW50cmFuZXQuc2FuZGVuLm5ldCI7fXM6NjoiX2ZsYXNoIjthOjI6e3M6Mzoib2xkIjthOjA6e31zOjM6Im5ldyI7YTowOnt9fX0=',1770628288),('qejFG7BeDBN2U4DXqk5DdnLq5jFe6dndEKYKnDfh',NULL,'192.168.4.169','Mozilla/5.0 (Windows NT 10.0; Win64; x64) AppleWebKit/537.36 (KHTML, like Gecko) Chrome/144.0.0.0 Safari/537.36','YTozOntzOjY6Il90b2tlbiI7czo0MDoiZjdqN1VWY3o1ZUJieURHcUFzRnBMV1dwdTZMSUZNUlRJbVVMeGdXdiI7czo5OiJfcHJldmlvdXMiO2E6MTp7czozOiJ1cmwiO3M6Mjc6Imh0dHBzOi8vaW50cmFuZXQuc2FuZGVuLm5ldCI7fXM6NjoiX2ZsYXNoIjthOjI6e3M6Mzoib2xkIjthOjA6e31zOjM6Im5ldyI7YTowOnt9fX0=',1770643946),('RxMmyh4bYt23M01fR0Cxowc0ExcjocZHE6DLE8fP',NULL,'10.212.134.150','Mozilla/5.0 (Windows NT 10.0; Win64; x64) AppleWebKit/537.36 (KHTML, like Gecko) Chrome/144.0.0.0 Safari/537.36','YTozOntzOjY6Il90b2tlbiI7czo0MDoiQjRSTTJRUmllaFBKeER3OTdDVnBwV0lpYXpwTDZURkh3Z1ZuUjFEMSI7czo5OiJfcHJldmlvdXMiO2E6MTp7czozOiJ1cmwiO3M6Mjc6Imh0dHBzOi8vaW50cmFuZXQuc2FuZGVuLm5ldCI7fXM6NjoiX2ZsYXNoIjthOjI6e3M6Mzoib2xkIjthOjA6e31zOjM6Im5ldyI7YTowOnt9fX0=',1770631277),('sc5RAUarvRTEg7I3kXzHO7C6wdCcDYP97ioXa30s',NULL,'192.168.5.106','Mozilla/5.0 (Windows NT 10.0; Win64; x64) AppleWebKit/537.36 (KHTML, like Gecko) Chrome/122.0.0.0 Safari/537.36','YTozOntzOjY6Il90b2tlbiI7czo0MDoiRzNacDcweU1OVHFQYTBJMmVKRWwyaG91N0E5YVpWZlZCbkhtbVhXQiI7czo5OiJfcHJldmlvdXMiO2E6MTp7czozOiJ1cmwiO3M6Mjc6Imh0dHBzOi8vaW50cmFuZXQuc2FuZGVuLm5ldCI7fXM6NjoiX2ZsYXNoIjthOjI6e3M6Mzoib2xkIjthOjA6e31zOjM6Im5ldyI7YTowOnt9fX0=',1770623696),('scmpsyMwT1Ev0hi3AjY1p4P4E8YljKXJGTZP5Ajy',59,'192.168.5.187','Mozilla/5.0 (Windows NT 10.0; Win64; x64) AppleWebKit/537.36 (KHTML, like Gecko) Chrome/144.0.0.0 Safari/537.36','YTo1OntzOjY6Il90b2tlbiI7czo0MDoienpURUxOa3VMU1VhTGlEVzgyVUhyYldFRGF3cXFVQk85aTNSQVpURSI7czozOiJ1cmwiO2E6MDp7fXM6OToiX3ByZXZpb3VzIjthOjE6e3M6MzoidXJsIjtzOjM5OiJodHRwczovL2ludHJhbmV0LnNhbmRlbi5uZXQvRm9ybS9Gb3JtSVQiO31zOjY6Il9mbGFzaCI7YToyOntzOjM6Im9sZCI7YTowOnt9czozOiJuZXciO2E6MDp7fX1zOjUwOiJsb2dpbl93ZWJfNTliYTM2YWRkYzJiMmY5NDAxNTgwZjAxNGM3ZjU4ZWE0ZTMwOTg5ZCI7aTo1OTt9',1770627244),('sjLJzdkLECWZytfbZtsQXmWWwGzlgHZK1eJ2LcNn',NULL,'192.168.8.126','Mozilla/5.0 (Windows NT 10.0; Win64; x64) AppleWebKit/537.36 (KHTML, like Gecko) Chrome/144.0.0.0 Safari/537.36','YTozOntzOjY6Il90b2tlbiI7czo0MDoidmR0OWwwMDhrbnNhN1h2eGdCUGx4SGdia1NQUXFJZ2VLdmRVRFl4TyI7czo5OiJfcHJldmlvdXMiO2E6MTp7czozOiJ1cmwiO3M6Mjc6Imh0dHBzOi8vaW50cmFuZXQuc2FuZGVuLm5ldCI7fXM6NjoiX2ZsYXNoIjthOjI6e3M6Mzoib2xkIjthOjA6e31zOjM6Im5ldyI7YTowOnt9fX0=',1770625416),('tBXhW5CldsK8jjTyTy3A85GoxCie2dKG1IJ0kcc0',NULL,'10.212.134.150','Mozilla/5.0 (Windows NT 10.0; Win64; x64) AppleWebKit/537.36 (KHTML, like Gecko) Chrome/144.0.0.0 Safari/537.36','YTozOntzOjY6Il90b2tlbiI7czo0MDoiVXdTaWlSQVlEakpQcjJES0hkbTR5dDNjNExvVU4yS0FoRWExRFdXMSI7czo5OiJfcHJldmlvdXMiO2E6MTp7czozOiJ1cmwiO3M6Mjc6Imh0dHBzOi8vaW50cmFuZXQuc2FuZGVuLm5ldCI7fXM6NjoiX2ZsYXNoIjthOjI6e3M6Mzoib2xkIjthOjA6e31zOjM6Im5ldyI7YTowOnt9fX0=',1770631213),('uEEvogI4N4R7ua9VYqKBdoFN92F9XK8dsWccLaeW',NULL,'192.168.5.152','Mozilla/5.0 (Windows NT 10.0; Win64; x64) AppleWebKit/537.36 (KHTML, like Gecko) Chrome/144.0.0.0 Safari/537.36','YTozOntzOjY6Il90b2tlbiI7czo0MDoiYUN4VkN3NkhIcVVHeU5DMmxvODBzTE9yWGRQOEVaOUlhbmo3ak9iayI7czo5OiJfcHJldmlvdXMiO2E6MTp7czozOiJ1cmwiO3M6Mjc6Imh0dHBzOi8vaW50cmFuZXQuc2FuZGVuLm5ldCI7fXM6NjoiX2ZsYXNoIjthOjI6e3M6Mzoib2xkIjthOjA6e31zOjM6Im5ldyI7YTowOnt9fX0=',1770628360),('uRWjRDVAKIj0fX64PMgcqO5BzJzfyf9Espj82FHZ',NULL,'10.212.134.151','Mozilla/5.0 (Windows NT 10.0; Win64; x64) AppleWebKit/537.36 (KHTML, like Gecko) Chrome/144.0.0.0 Safari/537.36','YTozOntzOjY6Il90b2tlbiI7czo0MDoiRjhNOG1wd0YzbXFHbWtRV2YyaFREVUVPSTlwdjhkWmxYRGh1MUo0NyI7czo5OiJfcHJldmlvdXMiO2E6MTp7czozOiJ1cmwiO3M6Mjc6Imh0dHBzOi8vaW50cmFuZXQuc2FuZGVuLm5ldCI7fXM6NjoiX2ZsYXNoIjthOjI6e3M6Mzoib2xkIjthOjA6e31zOjM6Im5ldyI7YTowOnt9fX0=',1770646120),('vkpQhMybZzVFuRtQ3UUf8ZclFA8NdL7VsJjCrUyy',NULL,'10.212.134.151','Mozilla/5.0 (Windows NT 10.0; Win64; x64) AppleWebKit/537.36 (KHTML, like Gecko) Chrome/144.0.0.0 Safari/537.36','YTozOntzOjY6Il90b2tlbiI7czo0MDoiZmFYRGpFUXhlczhYbjhObTVkNHdTVHd4bHVtTmlHQ0EwR1JpVUF3bSI7czo5OiJfcHJldmlvdXMiO2E6MTp7czozOiJ1cmwiO3M6Mjc6Imh0dHBzOi8vaW50cmFuZXQuc2FuZGVuLm5ldCI7fXM6NjoiX2ZsYXNoIjthOjI6e3M6Mzoib2xkIjthOjA6e31zOjM6Im5ldyI7YTowOnt9fX0=',1770644007),('wIjyHhilV88orVwFaDexe9s5cfIylUSkRfL4f0MD',NULL,'10.212.134.152','Mozilla/5.0 (Windows NT 10.0; Win64; x64) AppleWebKit/537.36 (KHTML, like Gecko) Chrome/144.0.0.0 Safari/537.36','YTozOntzOjY6Il90b2tlbiI7czo0MDoiS0RVNkxwSzdzbko2QmVSdmtDWUk0MlhmUzUzTVFzQVMwaGljOUJBaCI7czo5OiJfcHJldmlvdXMiO2E6MTp7czozOiJ1cmwiO3M6Mjc6Imh0dHBzOi8vaW50cmFuZXQuc2FuZGVuLm5ldCI7fXM6NjoiX2ZsYXNoIjthOjI6e3M6Mzoib2xkIjthOjA6e31zOjM6Im5ldyI7YTowOnt9fX0=',1770637588),('WyJkla4MSaPLnykrmiyGrfpSkJcvh4siQe4U3KBw',NULL,'192.168.5.38','Mozilla/5.0 (Windows NT 10.0; Win64; x64) AppleWebKit/537.36 (KHTML, like Gecko) Chrome/144.0.0.0 Safari/537.36','YTozOntzOjY6Il90b2tlbiI7czo0MDoieTNOMkswSkdtSjZXUG5Zb2s3aHRpRzNiSGUwQ2Zrc0tiTmp6QU80cyI7czo5OiJfcHJldmlvdXMiO2E6MTp7czozOiJ1cmwiO3M6Mjc6Imh0dHBzOi8vaW50cmFuZXQuc2FuZGVuLm5ldCI7fXM6NjoiX2ZsYXNoIjthOjI6e3M6Mzoib2xkIjthOjA6e31zOjM6Im5ldyI7YTowOnt9fX0=',1770624126);
/*!40000 ALTER TABLE `sessions` ENABLE KEYS */;
UNLOCK TABLES;

--
-- Table structure for table `special_access_users`
--

DROP TABLE IF EXISTS `special_access_users`;
/*!40101 SET @saved_cs_client     = @@character_set_client */;
/*!50503 SET character_set_client = utf8mb4 */;
CREATE TABLE `special_access_users` (
  `id` bigint unsigned NOT NULL AUTO_INCREMENT,
  `user_id` bigint unsigned NOT NULL,
  `feature_id` bigint unsigned NOT NULL,
  `created_at` timestamp NULL DEFAULT NULL,
  `updated_at` timestamp NULL DEFAULT NULL,
  PRIMARY KEY (`id`),
  KEY `special_access_users_user_id_foreign` (`user_id`),
  KEY `special_access_users_feature_id_foreign` (`feature_id`),
  CONSTRAINT `special_access_users_feature_id_foreign` FOREIGN KEY (`feature_id`) REFERENCES `features` (`id`) ON DELETE CASCADE,
  CONSTRAINT `special_access_users_user_id_foreign` FOREIGN KEY (`user_id`) REFERENCES `users` (`id`) ON DELETE CASCADE
) ENGINE=InnoDB AUTO_INCREMENT=17 DEFAULT CHARSET=utf8mb4 COLLATE=utf8mb4_unicode_ci;
/*!40101 SET character_set_client = @saved_cs_client */;

--
-- Dumping data for table `special_access_users`
--

LOCK TABLES `special_access_users` WRITE;
/*!40000 ALTER TABLE `special_access_users` DISABLE KEYS */;
INSERT INTO `special_access_users` VALUES (1,100,18,NULL,NULL),(2,100,20,NULL,NULL),(3,63,20,NULL,NULL),(4,100,19,NULL,NULL),(5,34,18,NULL,NULL),(6,34,13,NULL,NULL),(7,34,21,NULL,NULL),(8,63,21,NULL,NULL),(9,63,19,NULL,NULL),(10,100,24,NULL,NULL),(11,100,25,NULL,NULL),(12,34,25,NULL,NULL),(13,63,24,NULL,NULL),(14,100,26,NULL,NULL),(15,63,25,NULL,NULL),(16,63,26,NULL,NULL);
/*!40000 ALTER TABLE `special_access_users` ENABLE KEYS */;
UNLOCK TABLES;

--
-- Table structure for table `submissions`
--

DROP TABLE IF EXISTS `submissions`;
/*!40101 SET @saved_cs_client     = @@character_set_client */;
/*!50503 SET character_set_client = utf8mb4 */;
CREATE TABLE `submissions` (
  `id` bigint unsigned NOT NULL AUTO_INCREMENT,
  `log_id` varchar(255) CHARACTER SET utf8mb4 COLLATE utf8mb4_unicode_ci NOT NULL,
  `team_id` bigint unsigned NOT NULL,
  `user_id` bigint unsigned NOT NULL,
  `activity_id` bigint unsigned NOT NULL,
  `level_id` varchar(11) CHARACTER SET utf8mb4 COLLATE utf8mb4_unicode_ci NOT NULL,
  `activity_name` varchar(255) CHARACTER SET utf8mb4 COLLATE utf8mb4_unicode_ci NOT NULL,
  `other_informations` text CHARACTER SET utf8mb4 COLLATE utf8mb4_unicode_ci NOT NULL,
  `file_path` varchar(255) CHARACTER SET utf8mb4 COLLATE utf8mb4_unicode_ci DEFAULT NULL,
  `progress_value` double(8,2) NOT NULL,
  `submission_type` enum('individual','party') CHARACTER SET utf8mb4 COLLATE utf8mb4_unicode_ci NOT NULL DEFAULT 'individual' COMMENT 'Type of submission: individual or party',
  `progress_value_exceed` decimal(8,2) NOT NULL DEFAULT '0.00' COMMENT 'Stores the portion of progress that exceeded the required value',
  `status` enum('pending','approved','disapproved') CHARACTER SET utf8mb4 COLLATE utf8mb4_unicode_ci NOT NULL DEFAULT 'pending',
  `created_at` timestamp NULL DEFAULT NULL,
  `updated_at` timestamp NULL DEFAULT NULL,
  PRIMARY KEY (`id`),
  KEY `submissions_team_id_foreign` (`team_id`),
  KEY `submissions_user_id_foreign` (`user_id`),
  KEY `submissions_activity_id_foreign` (`activity_id`),
  CONSTRAINT `submissions_activity_id_foreign` FOREIGN KEY (`activity_id`) REFERENCES `activities` (`id`) ON DELETE CASCADE,
  CONSTRAINT `submissions_team_id_foreign` FOREIGN KEY (`team_id`) REFERENCES `teams` (`id`) ON DELETE CASCADE,
  CONSTRAINT `submissions_user_id_foreign` FOREIGN KEY (`user_id`) REFERENCES `users` (`id`) ON DELETE CASCADE
) ENGINE=InnoDB AUTO_INCREMENT=187 DEFAULT CHARSET=utf8mb4 COLLATE=utf8mb4_unicode_ci;
/*!40101 SET character_set_client = @saved_cs_client */;

--
-- Dumping data for table `submissions`
--

LOCK TABLES `submissions` WRITE;
/*!40000 ALTER TABLE `submissions` DISABLE KEYS */;
INSERT INTO `submissions` VALUES (33,'LOG-20260105-65NI',67,50,10,'18','Win Together - Achieve Goal as ONE','Distance: 5KM\r\nTime: 44m 31s\r\nPace: 8:50/km',NULL,5.00,'individual',0.00,'approved','2026-01-05 06:56:14','2026-01-08 03:42:13'),(34,'LOG-20260107-G3D2',94,90,10,'18','Win Together - Achieve Goal as ONE','First fitness challenge almost done.',NULL,9.91,'individual',0.00,'approved','2026-01-07 00:55:58','2026-01-08 03:42:59'),(35,'LOG-20260107-X4BE',89,34,10,'18','Win Together - Achieve Goal as ONE','40 mins , 4,530 Steps',NULL,2.75,'individual',0.00,'approved','2026-01-07 06:21:37','2026-01-08 03:43:28'),(36,'LOG-20260108-YAMR',67,50,10,'18','Win Together - Achieve Goal as ONE','Distance: 5km\r\nTime: 43m 18s\r\nPace: 8:35',NULL,5.00,'individual',0.00,'approved','2026-01-08 03:57:53','2026-01-12 06:38:52'),(37,'LOG-20260109-2L5N',73,51,10,'18','Win Together - Achieve Goal as ONE','Solo',NULL,1.00,'individual',0.00,'approved','2026-01-09 00:21:06','2026-01-12 06:47:47'),(38,'LOG-20260111-PEYL',78,36,10,'18','Win Together - Achieve Goal as ONE','N/A',NULL,5.44,'individual',0.00,'approved','2026-01-11 08:08:28','2026-01-12 06:50:39'),(39,'LOG-20260112-MIO2',74,61,10,'18','Win Together - Achieve Goal as ONE','1st Activity',NULL,1.10,'individual',0.00,'approved','2026-01-11 23:06:55','2026-01-15 01:33:26'),(40,'LOG-20260112-UPX2',74,61,10,'18','Win Together - Achieve Goal as ONE','2nd Activity',NULL,3.00,'individual',0.00,'approved','2026-01-11 23:10:04','2026-01-15 01:35:15'),(41,'LOG-20260112-BA37',67,100,10,'18','Win Together - Achieve Goal as ONE','10:22/km',NULL,12.50,'party',0.17,'approved','2026-01-12 00:04:24','2026-01-12 06:52:44'),(42,'LOG-20260112-LP4K',67,50,10,'18','Win Together - Achieve Goal as ONE','Distance: 10km\r\nMoving Time: 1:31:30\r\nAvg Pace: 9:07/KM',NULL,2.50,'party',7.50,'approved','2026-01-12 00:24:12','2026-01-12 07:04:56'),(43,'LOG-20260112-URAG',72,21,10,'18','Win Together - Achieve Goal as ONE','poctol san juan batangas',NULL,1.00,'individual',0.00,'approved','2026-01-12 00:33:07','2026-01-15 01:35:44'),(44,'LOG-20260112-GM61',94,90,10,'18','Win Together - Achieve Goal as ONE','1.2 1st Level',NULL,0.99,'individual',0.89,'approved','2026-01-12 00:51:55','2026-01-12 07:04:33'),(45,'LOG-20260112-5GVJ',94,90,10,'18','Win Together - Achieve Goal as ONE','1.3 1st Level',NULL,1.60,'individual',0.00,'approved','2026-01-12 00:52:40','2026-01-12 06:52:16'),(46,'LOG-20260112-2SAF',73,51,10,'18','Win Together - Achieve Goal as ONE','2nd',NULL,6.72,'individual',0.00,'approved','2026-01-12 00:57:51','2026-01-12 06:51:16'),(47,'LOG-20260112-Z3FB',78,36,10,'18','Win Together - Achieve Goal as ONE','N/A',NULL,5.44,'individual',0.00,'approved','2026-01-12 01:55:35','2026-01-15 01:36:18'),(48,'LOG-20260112-DR2F',75,54,10,'18','Win Together - Achieve Goal as ONE','overseas coverage',NULL,16.04,'individual',0.00,'disapproved','2026-01-12 06:18:35','2026-01-12 07:02:32'),(49,'LOG-20260112-3MJO',71,18,10,'18','Win Together - Achieve Goal as ONE','Pace 12:08/km\r\nTime 59m & 35s',NULL,4.91,'individual',0.00,'approved','2026-01-12 07:45:07','2026-01-15 01:32:16'),(50,'LOG-20260112-QPW7',83,28,10,'18','Win Together - Achieve Goal as ONE','Duo night run last January 9 11:25PM',NULL,5.54,'individual',0.00,'approved','2026-01-12 08:01:31','2026-01-15 01:33:51'),(51,'LOG-20260112-WM0Y',83,26,10,'18','Win Together - Achieve Goal as ONE','Run Together. Win Together.',NULL,5.60,'party',0.00,'approved','2026-01-12 08:02:38','2026-01-15 01:35:53'),(52,'LOG-20260113-72DM',69,64,10,'18','Win Together - Achieve Goal as ONE','Afternoon Run - Distance 5.21 KM (Carmelray Milagrosa)',NULL,5.21,'individual',0.00,'approved','2026-01-13 00:06:11','2026-01-15 01:36:28'),(53,'LOG-20260113-XC1E',73,41,10,'18','Win Together - Achieve Goal as ONE','calauan',NULL,5.89,'individual',0.00,'approved','2026-01-13 00:16:03','2026-01-15 01:38:45'),(54,'LOG-20260113-P0CT',76,65,10,'18','Win Together - Achieve Goal as ONE','Check out Brandon Malabanan on Strava\r\nhttps://strava.app.link/AwwkjlAMSZb',NULL,0.97,'individual',0.00,'approved','2026-01-13 01:29:46','2026-01-15 01:37:41'),(55,'LOG-20260113-TEZW',76,65,10,'18','Win Together - Achieve Goal as ONE','Check out Brandon Malabanan on Strava\r\nhttps://strava.app.link/AwwkjlAMSZb',NULL,0.92,'individual',0.00,'approved','2026-01-13 01:30:23','2026-01-15 01:38:38'),(56,'LOG-20260113-QOY9',76,65,10,'18','Win Together - Achieve Goal as ONE','Check out Brandon Malabanan on Strava\r\nhttps://strava.app.link/AwwkjlAMSZb',NULL,1.36,'individual',0.00,'approved','2026-01-13 01:30:56','2026-01-15 01:38:12'),(57,'LOG-20260113-A852',72,21,10,'18','Win Together - Achieve Goal as ONE','1st run poctol san juan batangas',NULL,1.00,'individual',0.00,'approved','2026-01-13 07:39:30','2026-01-15 01:36:58'),(58,'LOG-20260114-TQ0R',71,18,10,'18','Win Together - Achieve Goal as ONE','Pace : 9.43\r\nTime 43m 52s',NULL,1.98,'individual',2.53,'approved','2026-01-13 22:09:08','2026-01-15 01:40:35'),(59,'LOG-20260114-EZ1J',71,18,10,'18','Win Together - Achieve Goal as ONE','Pace 9.33\r\nTime 53m 37s',NULL,5.61,'individual',0.00,'approved','2026-01-13 22:10:12','2026-01-15 01:39:07'),(60,'LOG-20260114-FUQ0',69,64,10,'18','Win Together - Achieve Goal as ONE','Afternoon Jog 2.18KM (Carmelray Milagrosa)',NULL,2.18,'individual',0.00,'approved','2026-01-13 23:42:14','2026-01-15 01:39:18'),(61,'LOG-20260114-R762',74,61,10,'18','Win Together - Achieve Goal as ONE','3rd Run',NULL,1.00,'individual',0.00,'approved','2026-01-13 23:43:38','2026-01-15 01:40:28'),(62,'LOG-20260114-E5OM',70,53,10,'18','Win Together - Achieve Goal as ONE','ISANG ATTACHMENT LANG PEDE, YUNG PACE SEND KO NA LANG BA SAYO?',NULL,4.39,'individual',0.00,'approved','2026-01-14 00:25:06','2026-01-15 01:39:00'),(63,'LOG-20260114-ITZ9',70,53,10,'18','Win Together - Achieve Goal as ONE','please disregard earlier submission',NULL,4.39,'party',0.00,'approved','2026-01-14 00:29:24','2026-01-15 01:40:12'),(64,'LOG-20260114-YIPH',76,65,10,'18','Win Together - Achieve Goal as ONE','Running with my Darling',NULL,4.32,'individual',0.00,'approved','2026-01-14 00:44:35','2026-01-15 01:40:45'),(65,'LOG-20260114-16ZR',68,71,10,'18','Win Together - Achieve Goal as ONE','1st Run',NULL,5.42,'individual',0.00,'approved','2026-01-14 00:58:10','2026-01-15 01:38:53'),(66,'LOG-20260114-LB01',90,97,10,'18','Win Together - Achieve Goal as ONE','January 14, 2026 at CIP 2\r\n4.17 km 10:16/km',NULL,4.17,'individual',0.00,'approved','2026-01-14 01:00:33','2026-01-15 01:40:19'),(67,'LOG-20260114-GL1F',90,27,10,'18','Win Together - Achieve Goal as ONE','SCP WELLNESS SESSION 1 (JANUARY 12, 2026)',NULL,3.92,'individual',0.00,'approved','2026-01-14 04:25:45','2026-01-15 01:39:23'),(68,'LOG-20260115-OV3K',69,80,10,'18','Win Together - Achieve Goal as ONE','distance 5.07 km\r\nmoving time 50:00\r\nmax elev 140m\r\navg pace 9:52/KM\r\nelev gain 36m',NULL,5.07,'individual',0.00,'approved','2026-01-15 00:30:12','2026-01-15 01:41:12'),(69,'LOG-20260115-ZJVH',70,53,10,'18','Win Together - Achieve Goal as ONE','NAKAKAPAGOD I-ACHIEVE YUNG BELOW 12 NA PACING HAHA',NULL,3.72,'individual',0.60,'approved','2026-01-15 00:38:25','2026-01-19 00:03:05'),(70,'LOG-20260115-2DY5',76,65,10,'18','Win Together - Achieve Goal as ONE','with my Darling @ Carmelray',NULL,4.08,'individual',0.00,'approved','2026-01-15 00:38:47','2026-01-15 01:40:51'),(71,'LOG-20260115-MIVD',70,31,10,'18','Win Together - Achieve Goal as ONE','1st activity',NULL,2.53,'individual',0.00,'approved','2026-01-15 00:52:11','2026-01-15 01:41:02'),(72,'LOG-20260115-QXBA',70,31,10,'18','Win Together - Achieve Goal as ONE','2nd activity',NULL,4.16,'individual',0.00,'approved','2026-01-15 00:52:46','2026-01-15 01:41:42'),(73,'LOG-20260116-WYEA',74,61,10,'18','Win Together - Achieve Goal as ONE','4th Activity',NULL,4.00,'individual',0.00,'approved','2026-01-15 23:20:03','2026-01-19 00:03:45'),(74,'LOG-20260116-YPOA',68,71,10,'18','Win Together - Achieve Goal as ONE','Second run',NULL,5.27,'individual',0.00,'approved','2026-01-16 00:13:57','2026-01-19 00:03:52'),(75,'LOG-20260116-DJRO',70,31,10,'18','Win Together - Achieve Goal as ONE','3rd activity',NULL,1.45,'individual',0.00,'approved','2026-01-16 00:23:48','2026-01-19 00:03:23'),(76,'LOG-20260116-I37H',89,34,10,'18','Win Together - Achieve Goal as ONE','39 Mins 4000 steps',NULL,2.60,'individual',0.00,'approved','2026-01-16 00:44:48','2026-01-19 00:03:31'),(77,'LOG-20260116-3IAR',76,65,10,'18','Win Together - Achieve Goal as ONE','w/ MJ DARLING and Sir KARL',NULL,0.85,'individual',3.30,'approved','2026-01-16 07:46:30','2026-01-19 00:03:17'),(78,'LOG-20260116-2ZVR',70,53,10,'18','Win Together - Achieve Goal as ONE','RUNNNNNNNN FOR YOUR LIFE',NULL,0.00,'individual',4.39,'approved','2026-01-16 07:46:33','2026-01-19 00:03:11'),(79,'LOG-20260116-OBCR',78,36,10,'18','Win Together - Achieve Goal as ONE','N/A',NULL,1.62,'individual',2.92,'approved','2026-01-16 12:02:16','2026-01-19 00:03:39'),(80,'LOG-20260118-RE3S',84,20,10,'18','Win Together - Achieve Goal as ONE','Distance: 7.35 Km\r\nMoving Time: 1:11:26\r\nMax Elevation: 166m',NULL,7.35,'individual',0.00,'approved','2026-01-18 02:08:02','2026-01-19 00:03:58'),(81,'LOG-20260119-XPOZ',74,61,10,'18','Win Together - Achieve Goal as ONE','5th Activity',NULL,2.30,'individual',0.00,'approved','2026-01-18 22:51:18','2026-01-19 00:04:24'),(82,'LOG-20260119-Z8YB',73,51,10,'18','Win Together - Achieve Goal as ONE','3rd run',NULL,4.78,'individual',4.46,'approved','2026-01-18 23:55:09','2026-01-19 00:04:35'),(83,'LOG-20260119-C1BK',72,21,10,'18','Win Together - Achieve Goal as ONE','2ND RUNNING MORNING @5:30 am FROM SAN CRISTOBAL TO CABUYAO',NULL,10.50,'individual',2.64,'approved','2026-01-19 00:02:09','2026-01-19 00:04:04'),(84,'LOG-20260119-BO7K',72,21,10,'18','Win Together - Achieve Goal as ONE','3RD RUNNING AFTERNOON @ CABUYAO',NULL,0.00,'individual',8.05,'approved','2026-01-19 00:04:47','2026-01-19 00:18:33'),(85,'LOG-20260119-D7YA',72,21,10,'18','Win Together - Achieve Goal as ONE','2ND RUNNING MORNING 5:30 AM FROM SAN CRISTOBAL TO CABUYAO',NULL,0.00,'individual',13.14,'approved','2026-01-19 00:05:47','2026-01-19 01:03:08'),(86,'LOG-20260119-HTWB',73,41,10,'18','Win Together - Achieve Goal as ONE','2nd run',NULL,6.61,'individual',1.39,'approved','2026-01-19 00:26:27','2026-01-19 01:05:03'),(87,'LOG-20260119-FRZ3',72,21,10,'18','Win Together - Achieve Goal as ONE','2nd running 5:30 morning san cristobal to cabuyao',NULL,0.00,'individual',13.14,'approved','2026-01-19 00:29:41','2026-01-19 01:04:44'),(88,'LOG-20260119-DIN4',89,39,10,'18','Win Together - Achieve Goal as ONE','JAN16 1ST 5.44KM',NULL,5.44,'individual',0.00,'approved','2026-01-19 00:30:48','2026-01-19 01:04:15'),(89,'LOG-20260119-VEIC',89,39,10,'18','Win Together - Achieve Goal as ONE','JAN 18 2ND 5.06KM',NULL,5.06,'individual',0.00,'approved','2026-01-19 00:31:36','2026-01-21 06:48:06'),(90,'LOG-20260119-4NI0',70,53,10,'18','Win Together - Achieve Goal as ONE','Saturday and Sunday jog with the gang gang',NULL,0.00,'individual',7.94,'approved','2026-01-19 00:43:19','2026-01-19 01:02:39'),(91,'LOG-20260119-UDGZ',75,101,10,'18','Win Together - Achieve Goal as ONE','Chill Walk',NULL,1.74,'individual',0.47,'approved','2026-01-19 00:43:26','2026-01-19 01:05:33'),(92,'LOG-20260119-1834',75,101,10,'18','Win Together - Achieve Goal as ONE','Chill Walk (2)',NULL,4.02,'individual',0.00,'approved','2026-01-19 00:43:57','2026-01-19 01:01:30'),(93,'LOG-20260119-M1GY',75,101,10,'18','Win Together - Achieve Goal as ONE','Chill Walk (3)',NULL,4.58,'individual',0.00,'approved','2026-01-19 00:44:20','2026-01-19 01:05:19'),(94,'LOG-20260119-QZ5L',75,101,10,'18','Win Together - Achieve Goal as ONE','Chill Walk (4)',NULL,2.16,'individual',0.00,'approved','2026-01-19 00:44:40','2026-01-19 01:05:27'),(95,'LOG-20260119-4AHL',89,34,10,'18','Win Together - Achieve Goal as ONE','3rd Walk',NULL,2.42,'individual',0.00,'approved','2026-01-19 00:50:42','2026-01-19 01:02:16'),(96,'LOG-20260119-564T',89,34,10,'18','Win Together - Achieve Goal as ONE','4th walk',NULL,2.60,'individual',0.00,'approved','2026-01-19 00:51:12','2026-01-19 01:02:54'),(97,'LOG-20260119-DBNW',82,15,10,'18','Win Together - Achieve Goal as ONE','1st run - January 1 (Ilocos)\r\n2nd run - January 16 (Iloilo)',NULL,12.09,'individual',0.00,'approved','2026-01-19 01:00:11','2026-01-19 01:03:17'),(98,'LOG-20260119-LH0R',96,45,10,'18','Win Together - Achieve Goal as ONE','Jogging/Running for almost 1hr',NULL,5.28,'individual',0.00,'approved','2026-01-19 01:03:29','2026-01-19 01:05:12'),(99,'LOG-20260119-SGW1',94,44,10,'18','Win Together - Achieve Goal as ONE','Run Location: Fit Park Pueblo de Oro Malvar Batangas',NULL,6.63,'individual',0.00,'approved','2026-01-19 01:11:19','2026-01-21 06:47:47'),(100,'LOG-20260119-4PD7',84,9,10,'18','Win Together - Achieve Goal as ONE','Distance 5.44 km , Pace - 11:15 / km , Time - 1 hr 1 min',NULL,5.44,'individual',0.00,'approved','2026-01-19 01:40:58','2026-01-21 06:47:15'),(101,'LOG-20260119-UPLG',84,9,10,'18','Win Together - Achieve Goal as ONE','Distance - 2.28km , Pace - 10:23 / km , Time - 23 mins 44 sec',NULL,2.28,'individual',0.00,'approved','2026-01-19 01:42:21','2026-01-21 06:47:54'),(102,'LOG-20260119-5NFS',84,9,10,'18','Win Together - Achieve Goal as ONE','Distance - 3.87Km , Pace - 11:49 / km  , Time - 45 mins 42 sec',NULL,3.87,'individual',0.00,'approved','2026-01-19 01:46:17','2026-01-21 06:47:22'),(103,'LOG-20260119-2ASH',70,31,10,'18','Win Together - Achieve Goal as ONE','4th activity',NULL,2.53,'individual',0.00,'approved','2026-01-19 04:35:54','2026-01-21 06:47:00'),(104,'LOG-20260119-MNAY',85,29,10,'18','Win Together - Achieve Goal as ONE','FIL INVEST',NULL,4.02,'individual',0.00,'approved','2026-01-19 06:23:01','2026-01-21 06:47:38'),(105,'LOG-20260119-VHR1',85,4,10,'18','Win Together - Achieve Goal as ONE','Filinvest Technology Park',NULL,7.98,'individual',0.00,'approved','2026-01-19 06:23:25','2026-01-21 06:48:11'),(106,'LOG-20260119-K52P',83,26,10,'18','Win Together - Achieve Goal as ONE','The Strip Carmelray Industrial Park 1, Canlubang Calamba City, Laguna',NULL,5.60,'individual',0.00,'approved','2026-01-19 07:07:41','2026-01-21 06:47:31'),(107,'LOG-20260120-5POF',70,31,10,'18','Win Together - Achieve Goal as ONE','5th activity',NULL,1.83,'individual',3.54,'approved','2026-01-20 00:29:00','2026-01-21 06:48:21'),(108,'LOG-20260120-S2VA',68,83,10,'18','Win Together - Achieve Goal as ONE','SCP WELLNESS PROGRAM\r\nLOCATION: LA UNION',NULL,3.36,'individual',0.00,'approved','2026-01-20 01:06:52','2026-01-21 06:48:52'),(109,'LOG-20260120-R19K',68,83,10,'18','Win Together - Achieve Goal as ONE','SCP WELLNESS PROGRAM \r\nLOCATION: STA ROSA',NULL,6.10,'individual',0.00,'approved','2026-01-20 01:07:40','2026-01-21 06:48:35'),(110,'LOG-20260120-6W1H',75,101,10,'18','Win Together - Achieve Goal as ONE','Chill walk again',NULL,0.00,'individual',2.52,'approved','2026-01-20 02:29:21','2026-01-21 06:48:29'),(111,'LOG-20260121-OZ2J',74,61,10,'18','Win Together - Achieve Goal as ONE','6th Activity',NULL,1.10,'individual',2.90,'approved','2026-01-20 23:08:09','2026-01-21 06:49:09'),(112,'LOG-20260121-T92S',70,53,10,'18','Win Together - Achieve Goal as ONE','RUNNNNN 01202026',NULL,0.00,'individual',4.08,'approved','2026-01-21 01:25:39','2026-01-21 06:49:24'),(113,'LOG-20260121-MWN2',68,71,10,'18','Win Together - Achieve Goal as ONE','3rd Run',NULL,1.81,'individual',3.35,'approved','2026-01-21 05:29:32','2026-01-21 06:48:58'),(114,'LOG-20260121-4U7B',84,20,10,'18','Win Together - Achieve Goal as ONE','Distance: 1.62km',NULL,1.63,'individual',0.00,'approved','2026-01-21 06:59:23','2026-01-30 00:56:23'),(115,'LOG-20260121-5EYN',102,87,10,'18','Win Together - Achieve Goal as ONE','CIP II',NULL,5.45,'individual',0.00,'approved','2026-01-21 09:56:45','2026-01-30 00:56:31'),(116,'LOG-20260122-XBQW',76,65,10,'18','Win Together - Achieve Goal as ONE','WITH SIR KARL AND MA DARLING',NULL,0.00,'individual',4.07,'approved','2026-01-22 00:36:43','2026-01-30 01:05:57'),(117,'LOG-20260122-JP9E',76,65,10,'18','Win Together - Achieve Goal as ONE','WITH MANAGEMENT TEAM AND MA DARLING',NULL,0.00,'individual',5.20,'approved','2026-01-22 00:37:45','2026-01-30 00:56:57'),(118,'LOG-20260122-PIGA',84,9,10,'18','Win Together - Achieve Goal as ONE','Pace - 11:57 / km , Time - 30 mins 31 sec',NULL,0.91,'individual',1.64,'approved','2026-01-22 00:46:13','2026-01-30 01:02:24'),(119,'LOG-20260122-6JER',90,27,10,'18','Win Together - Achieve Goal as ONE','WELLNESS PROGRAM SESSION 2',NULL,5.02,'individual',0.00,'approved','2026-01-22 01:07:44','2026-01-30 00:56:43'),(120,'LOG-20260122-S19P',75,101,10,'18','Win Together - Achieve Goal as ONE','Chill Jog',NULL,0.00,'individual',4.65,'approved','2026-01-22 04:26:33','2026-01-30 01:03:23'),(121,'LOG-20260122-L4ER',92,3,10,'18','Win Together - Achieve Goal as ONE','Morning Walk: .Distance (.68km)\r\nAfternoon Run: Distance (5.11km) Moving Time (54:20) Max Elevation (140m) Avg Pace (10:37/km) Elevation Gain (36m) Steps (6,568) Time(54m 20s)',NULL,5.79,'party',0.00,'approved','2026-01-22 04:49:37','2026-01-30 01:00:30'),(122,'LOG-20260122-C3JX',101,86,10,'18','Win Together - Achieve Goal as ONE','.',NULL,8.55,'individual',0.00,'approved','2026-01-22 04:56:19','2026-01-30 00:56:51'),(123,'LOG-20260123-26CD',74,61,10,'18','Win Together - Achieve Goal as ONE','7th Activity with Kuya Pau',NULL,0.00,'party',4.20,'approved','2026-01-22 22:52:36','2026-01-30 01:06:26'),(124,'LOG-20260123-5ZAK',84,20,10,'18','Win Together - Achieve Goal as ONE','Distances: 5.41km\r\nMoving Time: 48 minutes\r\nSteps: 6,676',NULL,1.88,'individual',3.53,'approved','2026-01-22 23:19:48','2026-02-03 06:51:42'),(125,'LOG-20260123-30OW',89,39,10,'18','Win Together - Achieve Goal as ONE','JAN22 5.80KM',NULL,2.00,'individual',3.80,'approved','2026-01-23 00:28:57','2026-01-30 01:16:26'),(126,'LOG-20260123-ZMB1',100,98,10,'18','Win Together - Achieve Goal as ONE','Afternoon Run (Carmelray Industrial Park 2)',NULL,5.16,'individual',0.00,'approved','2026-01-23 01:02:10','2026-02-03 06:51:56'),(127,'LOG-20260126-OV07',73,51,10,'18','Win Together - Achieve Goal as ONE','SCP run',NULL,5.25,'individual',0.00,'pending','2026-01-25 23:58:37','2026-01-25 23:58:37'),(128,'LOG-20260126-L57O',89,39,10,'18','Win Together - Achieve Goal as ONE','JAN22 WITH PARTY (EUVY) 5.8KM',NULL,5.80,'party',0.00,'pending','2026-01-26 03:11:13','2026-01-26 03:11:13'),(129,'LOG-20260126-FBM0',67,50,10,'18','Win Together - Achieve Goal as ONE','Distance: 10km\r\nPace: 8:15/km\r\nMoving Team: 1:22:52',NULL,10.00,'individual',0.00,'pending','2026-01-26 03:12:09','2026-01-26 03:12:09'),(130,'LOG-20260126-1ZSL',69,80,10,'18','Win Together - Achieve Goal as ONE','2nd Run',NULL,7.65,'individual',0.00,'pending','2026-01-26 03:13:01','2026-01-26 03:13:01'),(131,'LOG-20260126-5LBY',67,50,10,'18','Win Together - Achieve Goal as ONE','Distance: 7.4km\r\nPace: 8:45/km\r\nMoving Team: 1:04:48',NULL,7.40,'individual',0.00,'pending','2026-01-26 03:13:03','2026-01-26 03:13:03'),(132,'LOG-20260126-K4I5',92,3,10,'18','Win Together - Achieve Goal as ONE','Jan 24, 2026 - Morning Run - Distance: 5.09 km\r\nJan 25, 2026 - Afternoon Walk - Distance: 2.14km',NULL,7.23,'individual',0.00,'pending','2026-01-26 03:14:39','2026-01-26 03:14:39'),(133,'LOG-20260126-3LX5',67,50,10,'18','Win Together - Achieve Goal as ONE','Distance: 5km\r\nMoving Team: 1:08:35',NULL,5.00,'individual',0.00,'pending','2026-01-26 03:16:10','2026-01-26 03:16:10'),(134,'LOG-20260126-EZJF',89,34,10,'18','Win Together - Achieve Goal as ONE','Walk Jan 22 (PARTY) and Jan 24 (SOLO)',NULL,5.53,'party',0.00,'pending','2026-01-26 03:17:09','2026-01-26 03:17:09'),(135,'LOG-20260126-7IBR',94,90,10,'18','Win Together - Achieve Goal as ONE','CIP 2 Location Jan 24, 2026',NULL,7.74,'party',0.00,'pending','2026-01-26 03:20:16','2026-01-26 03:20:16'),(136,'LOG-20260126-1A4E',94,90,10,'18','Win Together - Achieve Goal as ONE','Happy Feet 1.4v Solo Run',NULL,0.00,'individual',8.42,'approved','2026-01-26 03:23:51','2026-02-03 06:51:50'),(137,'LOG-20260126-6WIO',83,26,10,'18','Win Together - Achieve Goal as ONE','The Strip Carmelray 1, Canlubang Calamba City, Laguna\r\nJanuary 24, 2026',NULL,6.10,'individual',0.00,'pending','2026-01-26 03:26:00','2026-01-26 03:26:00'),(138,'LOG-20260126-YRVZ',94,90,10,'18','Win Together - Achieve Goal as ONE','Solo Run V.5',NULL,3.80,'individual',0.00,'pending','2026-01-26 03:26:55','2026-01-26 03:26:55'),(139,'LOG-20260126-UNVR',84,20,10,'18','Win Together - Achieve Goal as ONE','Moving Time: 50:11\r\nSteps: 7,648',NULL,6.28,'party',0.00,'pending','2026-01-26 03:33:01','2026-01-26 03:33:01'),(140,'LOG-20260126-JYV2',69,64,10,'18','Win Together - Achieve Goal as ONE','Afternoon Run at Carmelray \r\n8,684 Steps\r\n7.68 KM',NULL,7.68,'party',0.00,'pending','2026-01-26 03:49:35','2026-01-26 03:49:35'),(141,'LOG-20260126-NRPB',69,64,10,'18','Win Together - Achieve Goal as ONE','Morning Walk at Fillenvest Calamba\r\n8,340 Steps\r\n6.07 KM',NULL,6.07,'individual',0.00,'pending','2026-01-26 03:50:46','2026-01-26 03:50:46'),(142,'LOG-20260126-VE91',94,44,10,'18','Win Together - Achieve Goal as ONE','Happy Feet Run 2gether, January 24, 2026, 7.92km',NULL,7.92,'party',0.00,'pending','2026-01-26 03:55:21','2026-01-26 03:55:21'),(143,'LOG-20260126-B6Q8',95,24,10,'18','Win Together - Achieve Goal as ONE','.68 km done',NULL,0.68,'individual',0.00,'pending','2026-01-26 04:16:10','2026-01-26 04:16:10'),(144,'LOG-20260126-1GAU',95,24,10,'18','Win Together - Achieve Goal as ONE','4.93km done',NULL,4.93,'individual',0.00,'pending','2026-01-26 04:16:46','2026-01-26 04:16:46'),(145,'LOG-20260126-UIME',81,5,10,'18','Win Together - Achieve Goal as ONE','Fun run with Dean Villasin',NULL,0.00,'party',0.00,'pending','2026-01-26 05:28:15','2026-01-26 05:28:15'),(146,'LOG-20260126-QHE2',70,53,10,'18','Win Together - Achieve Goal as ONE','NICE INAYOS NI JEFF YUNG INTRANET WAHAHA',NULL,9.54,'party',0.00,'pending','2026-01-26 05:46:59','2026-01-26 05:46:59'),(147,'LOG-20260126-OAZC',84,9,10,'18','Win Together - Achieve Goal as ONE','Pace - 8:08 / KM , Time - 41:01',NULL,5.04,'party',0.00,'pending','2026-01-26 06:30:56','2026-01-26 06:30:56'),(148,'LOG-20260126-3RVX',84,9,10,'18','Win Together - Achieve Goal as ONE','Picture',NULL,5.04,'party',0.00,'pending','2026-01-26 06:32:14','2026-01-26 06:32:14'),(149,'LOG-20260127-6QPZ',75,54,10,'18','Win Together - Achieve Goal as ONE','jog-walk-sprint walk',NULL,4.15,'party',0.00,'pending','2026-01-26 22:54:03','2026-01-26 22:54:03'),(150,'LOG-20260127-HMNB',76,65,10,'18','Win Together - Achieve Goal as ONE','RUNNING TO SAKAYAN WITH SIR MART',NULL,0.00,'party',0.25,'pending','2026-01-26 23:45:08','2026-01-26 23:45:08'),(151,'LOG-20260127-IDG5',76,65,10,'18','Win Together - Achieve Goal as ONE','RUNNING WITH AUTOCADERS',NULL,0.00,'individual',4.38,'pending','2026-01-26 23:45:37','2026-01-26 23:45:37'),(152,'LOG-20260127-AFIW',94,44,10,'18','Win Together - Achieve Goal as ONE','LOG-20260126-VE91 update\r\nHappy Feet Run 2gether 7.92km \r\nRun Location: Carmelray Industrial Park II',NULL,7.92,'party',0.00,'pending','2026-01-27 05:40:57','2026-01-27 05:40:57'),(153,'LOG-20260127-MTI1',71,59,10,'18','Win Together - Achieve Goal as ONE','TOTAL OF 14.47 KM',NULL,14.47,'individual',0.00,'pending','2026-01-27 05:54:25','2026-01-27 05:54:25'),(154,'LOG-20260127-QH5O',85,4,10,'18','Win Together - Achieve Goal as ONE','NUVALI',NULL,5.14,'party',0.00,'pending','2026-01-27 06:03:58','2026-01-27 06:03:58'),(155,'LOG-20260127-18OX',85,29,10,'18','Win Together - Achieve Goal as ONE','with mark',NULL,8.72,'party',0.00,'pending','2026-01-27 06:12:29','2026-01-27 06:12:29'),(156,'LOG-20260128-OG35',72,21,10,'18','Win Together - Achieve Goal as ONE','3rd together with my team howard',NULL,5.12,'party',0.00,'pending','2026-01-27 23:36:44','2026-01-27 23:36:44'),(157,'LOG-20260128-2G8Q',73,51,10,'18','Win Together - Achieve Goal as ONE','Party Run',NULL,5.17,'party',0.00,'pending','2026-01-27 23:48:45','2026-01-27 23:48:45'),(158,'LOG-20260128-GLOA',101,86,10,'18','Win Together - Achieve Goal as ONE','.',NULL,13.65,'party',0.00,'pending','2026-01-27 23:54:58','2026-01-27 23:54:58'),(159,'LOG-20260128-MUE7',76,58,10,'18','Win Together - Achieve Goal as ONE','Short run at UPLB',NULL,1.07,'individual',0.00,'pending','2026-01-27 23:59:55','2026-01-27 23:59:55'),(160,'LOG-20260128-IOGZ',76,58,10,'18','Win Together - Achieve Goal as ONE','Morning run at Pili Drive',NULL,2.56,'individual',0.00,'pending','2026-01-28 00:00:35','2026-01-28 00:00:35'),(161,'LOG-20260128-QHES',76,58,10,'18','Win Together - Achieve Goal as ONE','Brisk walk but I forgot to pause',NULL,2.00,'individual',0.00,'pending','2026-01-28 00:01:59','2026-01-28 00:01:59'),(162,'LOG-20260128-H8NB',76,58,10,'18','Win Together - Achieve Goal as ONE','Brisk walking with Edd',NULL,0.25,'party',0.00,'pending','2026-01-28 00:02:35','2026-01-28 00:02:35'),(163,'LOG-20260128-EX4Q',74,61,10,'18','Win Together - Achieve Goal as ONE','8th Activity',NULL,4.60,'individual',0.00,'pending','2026-01-28 00:11:42','2026-01-28 00:11:42'),(164,'LOG-20260128-TI42',73,41,10,'18','Win Together - Achieve Goal as ONE','cip loop',NULL,5.52,'party',0.00,'pending','2026-01-28 00:30:56','2026-01-28 00:30:56'),(165,'LOG-20260128-2XHT',81,5,10,'18','Win Together - Achieve Goal as ONE','JOGGING WITH DEAN VILLASIN',NULL,12.59,'party',0.00,'pending','2026-01-28 00:41:02','2026-01-28 00:41:02'),(166,'LOG-20260128-OTPE',90,27,10,'18','Win Together - Achieve Goal as ONE','afternoon run (JAN. 27, 2026) (last sess)',NULL,5.11,'individual',0.00,'pending','2026-01-28 01:05:10','2026-01-28 01:05:10'),(167,'LOG-20260128-4VFU',92,91,10,'18','Win Together - Achieve Goal as ONE','First Walk - Individual\r\n12.36 KM',NULL,12.36,'individual',0.00,'pending','2026-01-28 01:07:53','2026-01-28 01:07:53'),(168,'LOG-20260128-UOX6',92,91,10,'18','Win Together - Achieve Goal as ONE','Walk with party',NULL,5.30,'party',0.00,'pending','2026-01-28 01:12:32','2026-01-28 01:12:32'),(169,'LOG-20260128-FTZY',72,68,10,'18','Win Together - Achieve Goal as ONE','1st run together with my team',NULL,6.31,'party',0.00,'pending','2026-01-28 06:17:42','2026-01-28 06:17:42'),(170,'LOG-20260128-B9SV',74,92,10,'18','Win Together - Achieve Goal as ONE','first run together with sir karl',NULL,4.24,'party',0.00,'pending','2026-01-28 07:58:56','2026-01-28 07:58:56'),(171,'LOG-20260128-FSG5',74,92,10,'18','Win Together - Achieve Goal as ONE','2nd run solo',NULL,6.03,'individual',0.00,'pending','2026-01-28 08:00:27','2026-01-28 08:00:27'),(172,'LOG-20260128-G0EI',86,13,10,'18','Win Together - Achieve Goal as ONE','3km down',NULL,3.03,'individual',0.00,'pending','2026-01-28 08:00:53','2026-01-28 08:00:53'),(173,'LOG-20260128-C13Q',86,72,10,'18','Win Together - Achieve Goal as ONE','n/a',NULL,3.34,'individual',0.00,'pending','2026-01-28 09:37:47','2026-01-28 09:37:47'),(174,'LOG-20260129-DX1L',74,92,10,'18','Win Together - Achieve Goal as ONE','3rd run',NULL,5.16,'individual',0.00,'pending','2026-01-29 00:11:35','2026-01-29 00:11:35'),(175,'LOG-20260129-6A23',86,13,10,'18','Win Together - Achieve Goal as ONE','6km to goooooo',NULL,3.52,'individual',0.00,'pending','2026-01-29 00:24:47','2026-01-29 00:24:47'),(176,'LOG-20260130-MRP0',83,28,10,'18','Win Together - Achieve Goal as ONE','individual night run',NULL,5.01,'individual',0.00,'pending','2026-01-30 00:22:11','2026-01-30 00:22:11'),(177,'LOG-20260130-9ADK',86,13,10,'18','Win Together - Achieve Goal as ONE','12.5km achieve!',NULL,6.07,'individual',0.00,'pending','2026-01-30 00:37:15','2026-01-30 00:37:15'),(178,'LOG-20260130-VO9D',101,93,10,'18','Win Together - Achieve Goal as ONE','5.88KM',NULL,6.00,'individual',0.00,'pending','2026-01-30 04:48:16','2026-01-30 04:48:16'),(179,'LOG-20260131-Y8G4',68,83,10,'18','Win Together - Achieve Goal as ONE','wellness',NULL,5.56,'party',0.00,'pending','2026-01-31 00:55:16','2026-01-31 00:55:16'),(180,'LOG-20260131-4G8S',68,71,10,'18','Win Together - Achieve Goal as ONE','Walk together',NULL,5.56,'party',0.00,'pending','2026-01-31 00:57:12','2026-01-31 00:57:12'),(181,'LOG-20260131-5ZR3',83,28,10,'18','Win Together - Achieve Goal as ONE','individual run',NULL,2.66,'individual',0.00,'pending','2026-01-31 15:23:08','2026-01-31 15:23:08'),(182,'LOG-20260202-CSJW',74,61,10,'18','Win Together - Achieve Goal as ONE','9th Activity',NULL,3.00,'individual',0.00,'pending','2026-02-02 01:05:54','2026-02-02 01:05:54'),(183,'LOG-20260202-PBUN',74,61,10,'18','Win Together - Achieve Goal as ONE','10th Activity',NULL,3.00,'individual',0.00,'pending','2026-02-02 01:06:34','2026-02-02 01:06:34'),(184,'LOG-20260202-K1OF',86,72,10,'18','Win Together - Achieve Goal as ONE','Finish',NULL,9.33,'individual',0.00,'pending','2026-02-02 01:06:48','2026-02-02 01:06:48'),(185,'LOG-20260202-YAP9',95,67,10,'18','Win Together - Achieve Goal as ONE','9.49km\r\n6.76km',NULL,50.00,'individual',0.00,'pending','2026-02-02 06:21:28','2026-02-02 06:21:28'),(186,'LOG-20260204-OJBS',94,44,10,'18','Win Together - Achieve Goal as ONE','Run Location : Carmelray Industrial Park II, Happy Feet Run Individual 5.53km',NULL,5.53,'individual',0.00,'pending','2026-02-04 01:37:53','2026-02-04 01:37:53');
/*!40000 ALTER TABLE `submissions` ENABLE KEYS */;
UNLOCK TABLES;

--
-- Table structure for table `team_user`
--

DROP TABLE IF EXISTS `team_user`;
/*!40101 SET @saved_cs_client     = @@character_set_client */;
/*!50503 SET character_set_client = utf8mb4 */;
CREATE TABLE `team_user` (
  `id` bigint unsigned NOT NULL AUTO_INCREMENT,
  `team_id` bigint unsigned NOT NULL,
  `user_id` bigint unsigned NOT NULL,
  `role` enum('captain','member') COLLATE utf8mb4_unicode_ci NOT NULL,
  `progress_value` decimal(8,2) NOT NULL DEFAULT '0.00',
  `joined_at` timestamp NULL DEFAULT NULL,
  PRIMARY KEY (`id`),
  KEY `team_user_team_id_foreign` (`team_id`),
  KEY `team_user_user_id_foreign` (`user_id`),
  CONSTRAINT `team_user_team_id_foreign` FOREIGN KEY (`team_id`) REFERENCES `teams` (`id`) ON DELETE CASCADE,
  CONSTRAINT `team_user_user_id_foreign` FOREIGN KEY (`user_id`) REFERENCES `users` (`id`) ON DELETE CASCADE
) ENGINE=InnoDB AUTO_INCREMENT=135 DEFAULT CHARSET=utf8mb4 COLLATE=utf8mb4_unicode_ci;
/*!40101 SET character_set_client = @saved_cs_client */;

--
-- Dumping data for table `team_user`
--

LOCK TABLES `team_user` WRITE;
/*!40000 ALTER TABLE `team_user` DISABLE KEYS */;
INSERT INTO `team_user` VALUES (67,67,50,'captain',0.00,'2025-12-09 01:16:41'),(68,67,100,'member',0.00,'2025-12-09 01:17:35'),(69,68,71,'captain',0.00,'2025-12-15 05:10:13'),(70,69,64,'captain',0.00,'2025-12-15 05:17:31'),(71,70,53,'captain',0.00,'2025-12-15 05:20:09'),(72,70,31,'member',0.00,'2025-12-15 05:24:14'),(73,71,18,'captain',0.00,'2025-12-15 05:32:03'),(74,69,80,'member',0.00,'2025-12-15 05:32:21'),(75,72,21,'captain',0.00,'2025-12-15 05:40:41'),(76,73,51,'captain',0.00,'2025-12-15 05:55:10'),(77,74,61,'captain',0.00,'2025-12-15 06:19:07'),(78,68,83,'member',0.00,'2025-12-15 06:53:05'),(79,74,92,'member',0.00,'2025-12-15 06:55:58'),(80,73,41,'member',0.00,'2025-12-16 00:19:50'),(81,75,54,'captain',0.00,'2025-12-16 04:23:24'),(82,75,101,'member',0.00,'2025-12-16 04:49:12'),(83,76,65,'captain',0.00,'2025-12-16 05:13:40'),(84,77,82,'captain',0.00,'2025-12-16 07:51:26'),(85,77,52,'member',0.00,'2025-12-16 07:53:28'),(86,78,36,'captain',0.00,'2025-12-16 08:17:27'),(87,79,78,'captain',0.00,'2025-12-16 22:59:54'),(88,76,58,'member',0.00,'2025-12-17 00:14:36'),(89,78,46,'member',0.00,'2025-12-17 00:41:42'),(90,80,89,'captain',0.00,'2025-12-17 00:49:41'),(91,81,5,'captain',0.00,'2025-12-17 00:50:06'),(92,82,15,'captain',0.00,'2025-12-17 00:53:33'),(93,79,104,'member',0.00,'2025-12-17 07:10:29'),(94,71,59,'member',0.00,'2025-12-17 23:47:21'),(95,83,26,'captain',0.00,'2025-12-18 05:17:35'),(96,83,28,'member',0.00,'2025-12-18 05:21:18'),(97,84,20,'captain',0.00,'2025-12-18 05:28:09'),(98,84,9,'member',0.00,'2025-12-18 05:38:51'),(99,85,4,'captain',0.00,'2025-12-19 02:53:04'),(100,86,13,'captain',0.00,'2025-12-22 01:55:38'),(101,86,72,'member',0.00,'2025-12-22 02:02:14'),(102,87,74,'captain',0.00,'2025-12-23 00:22:13'),(103,88,84,'captain',0.00,'2025-12-26 00:38:13'),(104,89,34,'captain',0.00,'2025-12-26 03:17:27'),(105,90,27,'captain',0.00,'2025-12-26 03:20:36'),(106,89,39,'member',0.00,'2025-12-26 03:22:47'),(107,90,97,'member',0.00,'2025-12-26 03:24:58'),(108,81,103,'member',0.00,'2025-12-29 01:30:21'),(109,91,94,'captain',0.00,'2025-12-29 06:43:53'),(110,91,105,'member',0.00,'2025-12-29 06:44:23'),(111,92,91,'captain',0.00,'2025-12-30 16:59:18'),(112,82,99,'member',0.00,'2026-01-05 06:56:08'),(114,94,90,'captain',0.00,'2026-01-05 07:06:31'),(115,94,44,'member',0.00,'2026-01-05 07:10:17'),(116,95,24,'captain',0.00,'2026-01-05 07:16:41'),(117,96,45,'captain',0.00,'2026-01-05 07:24:11'),(118,72,68,'member',0.00,'2026-01-05 07:24:47'),(119,96,63,'member',0.00,'2026-01-05 07:26:03'),(120,97,12,'captain',0.00,'2026-01-05 07:36:05'),(121,98,43,'captain',0.00,'2026-01-05 12:52:18'),(122,95,67,'member',0.00,'2026-01-05 23:52:37'),(123,99,30,'captain',0.00,'2026-01-06 06:28:13'),(124,99,57,'member',0.00,'2026-01-06 06:54:10'),(125,100,98,'captain',0.00,'2026-01-07 04:41:10'),(126,92,3,'member',0.00,'2026-01-07 07:59:22'),(127,97,32,'member',0.00,'2026-01-08 00:29:45'),(128,101,93,'captain',0.00,'2026-01-08 03:49:43'),(129,101,86,'member',0.00,'2026-01-08 06:51:54'),(130,100,73,'member',0.00,'2026-01-08 12:40:16'),(131,88,96,'member',0.00,'2026-01-09 07:30:04'),(132,102,87,'captain',0.00,'2026-01-09 12:30:45'),(133,85,29,'member',0.00,'2026-01-19 06:15:23'),(134,102,48,'member',0.00,'2026-01-20 07:43:57');
/*!40000 ALTER TABLE `team_user` ENABLE KEYS */;
UNLOCK TABLES;

--
-- Table structure for table `teams`
--

DROP TABLE IF EXISTS `teams`;
/*!40101 SET @saved_cs_client     = @@character_set_client */;
/*!50503 SET character_set_client = utf8mb4 */;
CREATE TABLE `teams` (
  `id` bigint unsigned NOT NULL AUTO_INCREMENT,
  `name` varchar(255) COLLATE utf8mb4_unicode_ci NOT NULL,
  `activity_id` bigint unsigned NOT NULL,
  `activity_name` varchar(255) COLLATE utf8mb4_unicode_ci NOT NULL,
  `level_id` bigint unsigned NOT NULL,
  `captain_id` bigint unsigned NOT NULL,
  `invite_code` varchar(255) COLLATE utf8mb4_unicode_ci NOT NULL,
  `status` enum('pending','active','completed','cancelled') CHARACTER SET utf8mb4 COLLATE utf8mb4_unicode_ci NOT NULL DEFAULT 'pending',
  `created_at` timestamp NULL DEFAULT NULL,
  `updated_at` timestamp NULL DEFAULT NULL,
  PRIMARY KEY (`id`),
  UNIQUE KEY `teams_invite_code_unique` (`invite_code`),
  KEY `teams_activity_id_foreign` (`activity_id`),
  KEY `teams_level_id_foreign` (`level_id`),
  KEY `teams_captain_id_foreign` (`captain_id`),
  CONSTRAINT `teams_activity_id_foreign` FOREIGN KEY (`activity_id`) REFERENCES `activities` (`id`) ON DELETE CASCADE,
  CONSTRAINT `teams_captain_id_foreign` FOREIGN KEY (`captain_id`) REFERENCES `users` (`id`) ON DELETE CASCADE,
  CONSTRAINT `teams_level_id_foreign` FOREIGN KEY (`level_id`) REFERENCES `challenge_levels` (`id`) ON DELETE CASCADE
) ENGINE=InnoDB AUTO_INCREMENT=103 DEFAULT CHARSET=utf8mb4 COLLATE=utf8mb4_unicode_ci;
/*!40101 SET character_set_client = @saved_cs_client */;

--
-- Dumping data for table `teams`
--

LOCK TABLES `teams` WRITE;
/*!40000 ALTER TABLE `teams` DISABLE KEYS */;
INSERT INTO `teams` VALUES (67,'Team Gilas Pilipinas',10,'Win Together - Achieve Goal as ONE',18,50,'A10-L1-2-TRFV','completed','2025-12-09 01:16:41','2026-01-12 07:04:56'),(68,'BEA/R',10,'Win Together - Achieve Goal as ONE',18,71,'A10-L1-2-QBNI','completed','2025-12-15 05:10:13','2026-01-31 00:55:16'),(69,'HHWW Team',10,'Win Together - Achieve Goal as ONE',18,64,'A10-L1-2-GI7D','pending','2025-12-15 05:17:31','2025-12-15 05:17:31'),(70,'Hit and Run',10,'Win Together - Achieve Goal as ONE',18,53,'A10-L1-2-2IRV','pending','2025-12-15 05:20:09','2026-01-21 06:48:21'),(71,'Team Makisig',10,'Win Together - Achieve Goal as ONE',18,18,'A10-L1-2-OIPO','pending','2025-12-15 05:32:03','2025-12-15 05:32:03'),(72,'TEAM HOKAGE',10,'Win Together - Achieve Goal as ONE',18,21,'A10-L1-2-BPHN','completed','2025-12-15 05:40:41','2026-01-27 23:36:44'),(73,'Team Matang Lawin',10,'Win Together - Achieve Goal as ONE',18,51,'A10-L1-2-BLBE','completed','2025-12-15 05:55:10','2026-01-28 00:30:56'),(74,'CC_Draftsman',10,'Win Together - Achieve Goal as ONE',18,61,'A10-L1-2-ZAXF','completed','2025-12-15 06:19:07','2026-01-28 07:58:56'),(75,'Iceman',10,'Win Together - Achieve Goal as ONE',18,54,'A10-L1-2-1JL0','pending','2025-12-16 04:23:24','2025-12-16 04:23:24'),(76,'A-team',10,'Win Together - Achieve Goal as ONE',18,65,'A10-L1-2-ZWAG','completed','2025-12-16 05:13:40','2026-01-28 00:02:35'),(77,'Lagaans',10,'Win Together - Achieve Goal as ONE',18,82,'A10-L1-2-HGVN','pending','2025-12-16 07:51:26','2025-12-16 07:51:26'),(78,'Team Cavite',10,'Win Together - Achieve Goal as ONE',18,36,'A10-L1-2-MR2H','pending','2025-12-16 08:17:27','2025-12-16 08:17:27'),(79,'JOHN LOUIE',10,'Win Together - Achieve Goal as ONE',18,78,'A10-L1-2-8AJO','pending','2025-12-16 22:59:54','2025-12-16 22:59:54'),(80,'Team Mapagmahal',10,'Win Together - Achieve Goal as ONE',18,89,'A10-L1-2-G4MP','pending','2025-12-17 00:49:41','2025-12-17 00:49:41'),(81,'HAROS',10,'Win Together - Achieve Goal as ONE',18,5,'A10-L1-2-WGZP','pending','2025-12-17 00:50:06','2025-12-17 00:50:06'),(82,'TEAM \"DASIG\"',10,'Win Together - Achieve Goal as ONE',18,15,'A10-L1-2-VXOR','pending','2025-12-17 00:53:33','2025-12-17 00:53:33'),(83,'Team Ganda',10,'Win Together - Achieve Goal as ONE',18,26,'A10-L1-2-OJHM','pending','2025-12-18 05:17:35','2025-12-18 05:17:35'),(84,'Team Pogi Daw',10,'Win Together - Achieve Goal as ONE',18,20,'A10-L1-2-EU3H','completed','2025-12-18 05:28:09','2026-01-26 03:33:01'),(85,'TEAM MALAKAS',10,'Win Together - Achieve Goal as ONE',18,4,'A10-L1-2-LVN9','completed','2025-12-19 02:53:04','2026-01-27 06:03:58'),(86,'#Move2gether',10,'Win Together - Achieve Goal as ONE',18,13,'A10-L1-2-14VC','pending','2025-12-22 01:55:38','2025-12-22 01:55:38'),(87,'MALASAKIT',10,'Win Together - Achieve Goal as ONE',18,74,'A10-L1-2-WXER','pending','2025-12-23 00:22:13','2025-12-23 00:22:13'),(88,'Just Angels',10,'Win Together - Achieve Goal as ONE',18,84,'A10-L1-2-SFEB','pending','2025-12-26 00:38:13','2025-12-26 00:38:13'),(89,'Team Hingal',10,'Win Together - Achieve Goal as ONE',18,34,'A10-L1-2-OFR6','completed','2025-12-26 03:17:27','2026-01-26 03:11:13'),(90,'Team ChieRons;)',10,'Win Together - Achieve Goal as ONE',18,27,'A10-L1-2-TUFW','pending','2025-12-26 03:20:36','2025-12-26 03:20:36'),(91,'ALFONSO',10,'Win Together - Achieve Goal as ONE',18,94,'A10-L1-2-JKNZ','pending','2025-12-29 06:43:53','2025-12-29 06:43:53'),(92,'Team RS',10,'Win Together - Achieve Goal as ONE',18,91,'A10-L1-2-Q8EI','completed','2025-12-30 16:59:18','2026-01-28 01:12:32'),(94,'Happy Feet',10,'Win Together - Achieve Goal as ONE',18,90,'A10-L1-2-HGBK','completed','2026-01-05 07:06:31','2026-01-26 03:55:21'),(95,'TeamCone',10,'Win Together - Achieve Goal as ONE',18,24,'A10-L1-2-TG52','pending','2026-01-05 07:16:41','2026-01-05 07:16:41'),(96,'YxN',10,'Win Together - Achieve Goal as ONE',18,45,'A10-L1-2-QP1B','pending','2026-01-05 07:24:11','2026-01-05 07:24:11'),(97,'Bartekwariors',10,'Win Together - Achieve Goal as ONE',18,12,'A10-L1-2-XPXB','pending','2026-01-05 07:36:05','2026-01-05 07:36:05'),(98,'Team Pogi',10,'Win Together - Achieve Goal as ONE',18,43,'A10-L1-2-AXYX','pending','2026-01-05 12:52:18','2026-01-05 12:52:18'),(99,'bestie energy',10,'Win Together - Achieve Goal as ONE',18,30,'A10-L1-2-OKJ0','pending','2026-01-06 06:28:13','2026-01-06 06:28:13'),(100,'Balance Buddies',10,'Win Together - Achieve Goal as ONE',18,98,'A10-L1-2-L2DA','pending','2026-01-07 04:41:10','2026-01-07 04:41:10'),(101,'TEAM IGOP',10,'Win Together - Achieve Goal as ONE',18,93,'A10-L1-2-VYE9','pending','2026-01-08 03:49:43','2026-01-08 03:49:43'),(102,'YOLO',10,'Win Together - Achieve Goal as ONE',18,87,'A10-L1-2-ZWKZ','pending','2026-01-09 12:30:45','2026-01-09 12:30:45');
/*!40000 ALTER TABLE `teams` ENABLE KEYS */;
UNLOCK TABLES;

--
-- Table structure for table `users`
--

DROP TABLE IF EXISTS `users`;
/*!40101 SET @saved_cs_client     = @@character_set_client */;
/*!50503 SET character_set_client = utf8mb4 */;
CREATE TABLE `users` (
  `id` bigint unsigned NOT NULL AUTO_INCREMENT,
  `name` varchar(255) COLLATE utf8mb4_unicode_ci NOT NULL,
  `email` varchar(255) COLLATE utf8mb4_unicode_ci NOT NULL,
  `department` varchar(255) COLLATE utf8mb4_unicode_ci DEFAULT NULL,
  `department_id` varchar(255) CHARACTER SET utf8mb4 COLLATE utf8mb4_unicode_ci NOT NULL,
  `head_id` varchar(255) CHARACTER SET utf8mb4 COLLATE utf8mb4_unicode_ci NOT NULL,
  `status` enum('Active','Inactive') CHARACTER SET utf8mb4 COLLATE utf8mb4_unicode_ci DEFAULT 'Active',
  `position` varchar(255) COLLATE utf8mb4_unicode_ci DEFAULT NULL,
  `email_verified_at` varchar(255) COLLATE utf8mb4_unicode_ci DEFAULT NULL,
  `password` varchar(255) COLLATE utf8mb4_unicode_ci NOT NULL,
  `password_changed` tinyint(1) NOT NULL DEFAULT '0',
  `role` varchar(255) CHARACTER SET utf8mb4 COLLATE utf8mb4_unicode_ci NOT NULL,
  `remember_token` varchar(100) COLLATE utf8mb4_unicode_ci DEFAULT NULL,
  `created_at` timestamp NULL DEFAULT NULL,
  `updated_at` timestamp NULL DEFAULT NULL,
  PRIMARY KEY (`id`),
  UNIQUE KEY `users_email_unique` (`email`)
) ENGINE=InnoDB AUTO_INCREMENT=108 DEFAULT CHARSET=utf8mb4 COLLATE=utf8mb4_unicode_ci;
/*!40101 SET character_set_client = @saved_cs_client */;

--
-- Dumping data for table `users`
--

LOCK TABLES `users` WRITE;
/*!40000 ALTER TABLE `users` DISABLE KEYS */;
INSERT INTO `users` VALUES (1,'Ikeda, Osamu','osamu.ikeda.iv@sanden-rs.com','MANAGEMENT','1','','Inactive','President',NULL,'$2y$12$EgwEWurotZBazM3Krm7pPOChk.IxSyPtxMJO9BdDf5uc6XVStuSTO',1,'4',NULL,NULL,'2025-10-30 07:17:37'),(2,'Agauna, Eric Concepcion','eric.agauna','SCM','2','23','Active','Company Driver',NULL,'$2y$12$SUSmksis0jiW2/t0GgH/COQoJ2pCcl1.qgv6e66MQt2LOP7EyJB42',0,'1',NULL,NULL,NULL),(3,'Mosquera, Sabrina Marfil','sabrina.m.mosquera.sb@sanden-rs.com','PROCUREMENT & IMPORTATION','3','6','Active','Supervisor',NULL,'$2y$12$.OHuaEbyzYe/4OAIqwk7JuLN0Y59I3k6zs3uieoSOkxKauX5sweZy',1,'2',NULL,NULL,'2026-01-07 07:58:37'),(4,'Garcia, Mark Marlo Mingi','mark.garcia.mg@sanden-rs.com','AFTER SALES','4','1','Active','Aftersales Supervisor',NULL,'$2y$12$IsACe8bD2HQvI.rBPZEwzuITG0YKdz51VrC/sUthMhw/YXP9IaKhW',1,'2',NULL,NULL,'2025-11-04 03:06:57'),(5,'Lerasan, Levie Olivar','levie.lerasan.ew@sanden-rs.com','RO-VISAYAS','7','','Inactive','Leadman',NULL,'$2y$12$vg5Rq0gOXDkuBnXlDYAlj.Fgj6EaIjRjt8bJvTXtdEqeDJ6TA1OYa',1,'1',NULL,NULL,'2025-12-17 00:45:48'),(6,'Alcos, Julieta Manumbas','julieta.alcos.qp@sanden-rs.com','South Luzon','6','','Active','Manager',NULL,'$2y$12$pd8IXJ6f3HRgQOlpRS5O4.ujyEA3fTsqazCzOjDFyN96B54tsOfbO',1,'3',NULL,NULL,'2025-12-09 02:09:14'),(7,'Alpajaro, Roberto Tolenada','robert.alpajaro.vf@sanden-rs.com','COLD CHAIN','7','','Active','Vice President',NULL,'$2y$12$vbP/HtCEl70vLqWzlYh/l.K/OhCzirbhtox7LhEM2p5kEQlhHARRS',1,'4',NULL,NULL,'2025-11-05 06:05:58'),(8,'Apigo, Julius Ubera','julius.apigo.dw@sanden-rs.com','AFTER SALES','4','','Active','Senior Manager',NULL,'$2y$12$SUSmksis0jiW2/t0GgH/COQoJ2pCcl1.qgv6e66MQt2LOP7EyJB42',0,'3',NULL,NULL,NULL),(9,'Cruz, Larry Cruz','larry.cruz.jz@sanden-rs.com','MANAGEMENT','13','','Active','Chief Operating Officer',NULL,'$2y$12$.kyh/1Duw8gq/aODlCu1MO1Xz8M0ukB045uZ8BCi2egd1g/0Tijti',1,'4',NULL,NULL,'2025-12-18 05:36:30'),(10,'Olpindo, Moises Soriano','moises.olpindo','ADMIN','8','25','Inactive','Company Driver',NULL,'$2y$12$3IumBmcszAUT8uZgnGWGSeYRTvXoGTgU//pJ./lZ/fkSe0eEMVJSi',1,'1',NULL,NULL,'2025-10-30 07:55:20'),(11,'Maruggay, Almar Pudoc','almar.maruggay.dd@sanden-rs.com','COLD CHAIN','7','','Active','Project Engineering Manager',NULL,'$2y$12$XCtJ0yFEQTzTcK2k4CBGYuTRqmd.xBEASMgTKdOzdmI21SlDE.L8u',1,'3',NULL,NULL,'2025-11-24 03:34:07'),(12,'Gonzales Jr., Tony Del Rosario','centralluzon.technician.ph@sanden-rs.com','RO-NL','9','4','Active','Ref & Aircon Technician ',NULL,'$2y$12$yRmEpzSV5VDg.MEUr1zt8O.IhkWSz.dRNm/7kZPS6NPPhrYRSH4rm',1,'1',NULL,NULL,'2025-11-20 04:36:09'),(13,'Estares, Cherry Donque','cherry.estares.ym@sanden-rs.com','RO-VISAYAS','7','','Active','Sales Coordinator',NULL,'$2y$12$3rtr/a4dmN6oywEY0M1PbuO7W5rTpdekY.1vhEFmQr3SMH2DJABOy',1,'1',NULL,NULL,'2026-01-05 01:38:46'),(14,'Llosala, William JR Asiado','william.llosala.wl@sanden-rs.com','South Luzon','6','2','Inactive','Sales Executive',NULL,'$2y$12$SUSmksis0jiW2/t0GgH/COQoJ2pCcl1.qgv6e66MQt2LOP7EyJB42',1,'1',NULL,NULL,NULL),(15,'Galdones, Jordan Alafriz','jordan.galdones.wd@sanden-rs.com','RO-VISAYAS','7','','Inactive','Manager',NULL,'$2y$12$cYY.y.ElybR2Cq2uPhQXVuM08/mekkqKo5ohLPukO5yuaMvq5c5Ki',1,'3',NULL,NULL,'2025-12-02 04:04:33'),(16,'Villa, Ella-d Dizor','ella.villa.vo@sanden-rs.com','RO-MINDANAO','10','','Active','Manager',NULL,'$2y$12$6aL2CxU7117R4E4g4Kyh9uFcE73zKHXtvP8C53Zx6wO25J.7RunkK',1,'3',NULL,NULL,'2026-01-06 00:23:44'),(17,'Llaneta, Ian Teves','ian.llaneta.ih@sanden-rs.com','South Luzon','6','2','Active','Sales Executive',NULL,'$2y$12$Zo6ztMLKRyKxJMdNxhBMfOt7/ngfpNNP56.LAyKgJwleW1DHK7WbC',1,'1',NULL,NULL,'2026-01-16 07:05:34'),(18,'Dichoso, Fernan Hernandez','fernan.dichoso.cj@sanden-rs.com','MANAGEMENT','6','','Active','Senior Manager',NULL,'$2y$12$GYLa6L02xfaHQX4AFCtXq.bXMLz4.n9zmcrQ.Fya6a95YKUP0dgEy',1,'4',NULL,NULL,'2025-12-15 05:26:11'),(19,'Requinta, Maria Esther Marasigan','esther.requinta.rk@sanden-rs.com','RO-MINDANAO','10','12','Active','Sales Executive',NULL,'$2y$12$xg.EAE.sI6lY3LgeR/I23.tX3/dwhJuAvHDcGEERpQQnt8CvwXOee',1,'1',NULL,NULL,'2025-12-02 01:49:44'),(20,'Alcantara, Christian Katigbak','christian.alcantara.ut@sanden-rs.com','AFTER SALES','4','','Active','Manager',NULL,'$2y$12$nT2nN4WgwxRVhQqBmdpTouKDgqnbBZ8AbDhYbQOydaI.pYPzNlOG6',1,'3',NULL,NULL,'2025-10-30 08:04:42'),(21,'Dealino, Jeffrey Aliazas','jeffrey.dealino.cd@sanden-rs.com','SCM','2','23','Active','Leadman',NULL,'$2y$12$/Euv5U3y7F2SaOkbR0ALzutHeH6VAlqYCLJya/tBDXZ9BuKAV2umC',1,'1',NULL,NULL,'2025-11-03 23:31:44'),(22,'Manansala, Eric Raymond Mercado','eric.mercado','AFTER SALES','4','1','Active','Ref & Aircon Technician',NULL,'$2y$12$EIpNcFMgAqPFF.XFWdZiXecU.NHMxlCHECW7F2ISlbTFCPD.GAZVe',1,'1',NULL,NULL,'2026-01-05 07:41:23'),(23,'Delos Reyes, Mark Laguit','mark.delosreyes.ir@sanden-rs.com','OFFICE OF THE PRESIDENT','','','Inactive','Manager',NULL,'$2y$12$ytbN1iNxvcNoC93m8UGhq.S7verBur8yjSXFBc10sM92ODiXCzdkq',0,'3',NULL,NULL,NULL),(24,'Dela Cruz, Joyce Anne Ledda','joyce.delacruz.jb@sanden-rs.com','RO-NL','9','','Active','Manager',NULL,'$2y$12$fzgYN3RebudzsbFiwVjMzO1KR/nMzeA5nZltv4Y1LwZZh9dNC7eha',1,'3',NULL,NULL,'2025-11-07 03:04:00'),(25,'Beran, Celestial Maestre','celestial.m.beran.qr@sanden-rs.com','South Luzon','6','2','Active','Sales Executive',NULL,'$2y$12$SUSmksis0jiW2/t0GgH/COQoJ2pCcl1.qgv6e66MQt2LOP7EyJB42',0,'1',NULL,NULL,NULL),(26,'Pabillo, Joana Rosales','joana.pabillo.fa@sanden-rs.com','AFTER SALES','4','1','Active','Aftersales and Waranty Analyst',NULL,'$2y$12$TK4AQkMFZDkgPKjWjhecvOIDfx.3jrQ3o0cJCwpiMsjhx1omsPPiO',1,'1',NULL,NULL,'2025-11-03 02:37:58'),(27,'Pulutan, Ronalyn Bondad','ronalyn.pulutan.df@sanden-rs.com','SCM','2','23','Active','Logistics Analyst',NULL,'$2y$12$db/u/z2LQp99iK1JMz16hu877s/d3DNmghjh0hzAbNdxtooF1BjUW',1,'1',NULL,NULL,'2025-11-04 02:00:50'),(28,'Gonzales, Kane Cyril Rostata','kane.gonzales.kc@sanden-rs.com','Advertising & Marketing','12','13','Active','Supervisor',NULL,'$2y$12$rFPMcN8lwQOgGA6orlKJ1eVrBn9tVrlkZCyuVPa0dcn7pFftCxtSK',1,'2',NULL,NULL,'2025-11-24 07:51:08'),(29,'Buenaventura, Gomer Gestiada','gomer.gestiada','AFTER SALES','4','1','Active','Ref & Aircon Technician',NULL,'$2y$12$pw4KxK14be9cxJoEuszvbej2JXhU7mD8LzJCBgJYZJZf6Z3rowU2y',1,'1',NULL,NULL,'2026-01-27 06:10:17'),(30,'Bucu, Jamaica Lacuna','jamaica.bucu.jc@sanden-rs.com','RO-NL','9','4','Active','Sales Executive',NULL,'$2y$12$MrFgVYu3IxZByjhikuFIyeyr/AcUOouXDsS.1a0ibTnO/JUfC/MwC',1,'1',NULL,NULL,'2026-01-05 07:32:22'),(31,'Salazar, Monette Naparan','monette.salazar.ms@sanden-rs.com','FINANCE','13','11','Active','Finance Supervisor - Accounts Receivable',NULL,'$2y$12$3kBGP.9UoPyiwQizMa5rXew/WmQW1/X5WawiRNxv2z0FlHxebPila',1,'2',NULL,NULL,'2025-11-06 23:50:44'),(32,'Castro, Rodney Mamaril','rodney.castro.xz@sanden-rs.com','RO-NL','9','4','Inactive','Sales Executive',NULL,'$2y$12$eSuqc37RjntOOcd9o6EfLugd5N6jjzKMtUrKPtsBHsvhHOaXgCBeq',1,'1',NULL,NULL,'2025-11-04 07:06:41'),(33,'Lorete, Pearl Dia Dem Pacilan','pearl.pacilan.df@sanden-rs.com','RO-MINDANAO','10','12','Active','Sales Coordinator',NULL,'$2y$12$bSYe3jOkFNn4sh4VlUJ3feJloaCsXJfpOVPTbNZubxo6i8wxfnxbW',1,'1',NULL,NULL,'2025-10-30 07:16:38'),(34,'Marable, Euvy Angelo Gerero','euvy.marable.df@sanden-rs.com','MIS','14','6','Active','Supervisor',NULL,'$2y$12$ATvgPPxual4eoVeSc7344.nLHDyRBlD5iGvnWGK7GTeF/mt1T2ICO',1,'5',NULL,NULL,'2025-10-30 07:24:39'),(35,'Salamante, Ricky Amparo','ricky.salamante.rs@sanden-rs.com','South Luzon','6','2','Active','Sales Executive',NULL,'$2y$12$SUSmksis0jiW2/t0GgH/COQoJ2pCcl1.qgv6e66MQt2LOP7EyJB42',0,'1',NULL,NULL,NULL),(36,'Palomillo, Emirlyn Quilatan','emirlyn.palomillo.gi@sanden-rs.com','COLD CHAIN','7','','Active','Sales Engineering Manager',NULL,'$2y$12$Uq2n3uFXWxGh27WN7V8bBOF.yFeh26ZC7Bb1f7yYY.HtXtu87Eucq',1,'3',NULL,NULL,'2025-11-11 23:18:34'),(37,'Coldas, Henry Jr. Balisa','henry.balisa','AFTER SALES','4','1','Inactive','Ref & Aircon Technician',NULL,'$2y$12$cr1qhf4kQX4yFNXtfsh9YuF3RXAjXplgnU73z/psmrBb7L/CfRuX6',1,'1',NULL,NULL,'2026-01-05 07:46:49'),(38,'Gersalina, Gerald De La Cruz','gerald.gersalina.dc@sanden-rs.com','RO-MINDANAO','10','12','Active','Leadman',NULL,'$2y$12$AmTOmP1Rsp/6xsTaqqL5WeX1Gapg7.88ySn11W707tp5BORJyoK0G',1,'1',NULL,NULL,'2025-10-30 07:14:25'),(39,'Anido, Danica Manaig','danica.anido.da@sanden-rs.com','SCM','2','23','Inactive','Logistic Warehouse Associate',NULL,'$2y$12$Rshx70R7LX6PRIR.Sm6bR.VWXUVDeskXqf6VlowIFC19ia00Giffi',1,'1',NULL,NULL,'2025-11-04 02:00:09'),(40,'Capuno, Alvin Cabigao','alvin.capuno.ac@sanden-rs.com','RO-NL','9','4','Active','Sales Executive',NULL,'$2y$12$O8aSQszmGoRRc3FqYi7LvOE8RoZju4bB5Sq5G7CVGBdqXFF7FzldG',1,'1',NULL,NULL,'2025-11-04 03:52:46'),(41,'De Castro, Jeravy','jeravy.decastro.jd@sanden-rs.com','SCM','2','23','Active','WAREHOUSE & INVENTORY STAFF',NULL,'$2y$12$vUtQlGAOOyGBDJ6U1u0KCu7AHnA86//jNIxocL79zURXUwskvl2km',1,'1',NULL,NULL,'2025-11-06 00:12:47'),(42,'Oca, Benje Morales','benje.oca.bo@sanden-rs.com','COLD CHAIN','7','9','Active','Supervisor (Visayas & Davao Operation)',NULL,'$2y$12$fkAlmSnY0pcdBdpStqt6uekospyACqwzxqnKUq7qnqYg61zZLjl92',1,'2',NULL,NULL,'2025-12-29 06:39:11'),(43,'Barlan, Adel Paolo Delloson','adel.barlan.ab@sanden-rs.com','COLD CHAIN','7','9','Active','Supervisor (Electrical & Kitchen)',NULL,'$2y$12$U57JonsaXJ1a28G49audn.GB7A4nsKsZsFN6e205xdnM3uaxnVVM2',1,'2',NULL,NULL,'2025-12-17 00:15:38'),(44,'Villar, Rhea Mae Rivera','rhea.villar.rv@sanden-rs.com','South Luzon','6','2','Inactive','Sales Executive',NULL,'$2y$12$uOISv1/ocM0W1kWF7Qni3uQAY/p27k0Y1QCVX9wGIqjRlrrDF2cZK',1,'1',NULL,NULL,'2025-10-30 07:15:41'),(45,'Lat, Gerryca Syra Joves','gerryca.joves.gj@sanden-rs.com','HUMAN RESOURCE','6','','Active','HR Supervisor',NULL,'$2y$12$7boII5f4jzGu77XTTcrE7.erhvj8JLB8QG94wnSKZyfZSJ3cCBSj.',1,'2',NULL,NULL,'2025-10-29 05:58:44'),(46,'Panambo, Clarence Davin','clarence.panambo.bc@sanden-rs.com','COLD CHAIN','7','8','Active','Design Engineer Supervisor',NULL,'$2y$12$JOWMnA6ix3kvRAbKX1Vh/.apga/FjQRDJlUqXj0SS.9zrDjz4z/YC',1,'2',NULL,NULL,'2025-12-17 00:40:07'),(47,'Orcine, Jayson Dado','jayson.orcine.cd@sanden-rs.com','COLD CHAIN','7','9','Active','Lead Technician',NULL,'$2y$12$SUSmksis0jiW2/t0GgH/COQoJ2pCcl1.qgv6e66MQt2LOP7EyJB42',0,'1',NULL,NULL,NULL),(48,'Alimon, Archie Balota','archie.alimon','ADMIN','8','25','Active','Company Driver',NULL,'$2y$12$x4uW9W1w.8YFg3ZhLL91ROtoPvyvl7U1LMmRDM/E91BIjn1/krylG',1,'1',NULL,NULL,'2026-01-20 07:35:56'),(49,'Escuadro, Stephen Guanzon','stephen.escuadro.se@sanden-rs.com','RO-MINDANAO','10','12','Active','Ref & Aircon Technician',NULL,'$2y$12$SUSmksis0jiW2/t0GgH/COQoJ2pCcl1.qgv6e66MQt2LOP7EyJB42',0,'1',NULL,NULL,NULL),(50,'Veloso, Keam Luwys Dinulos','keam.luwys.kl@sanden-rs.com','MIS','14','18','Active','MIS Analyst',NULL,'$2y$12$Wn2Uf1srm7fArf0FrRJHLeBm8TXv/sQVQyopSgrIzgrShtJ6gYFhi',1,'5',NULL,NULL,'2025-10-30 07:12:33'),(51,'Joven, Alvin Sara','alvin.joven.fi@sanden-rs.com','SCM','2','6','Active','Supervisor',NULL,'$2y$12$Ya41wortDRifuGQVDu8hHevst586lf8Y5VpBsjxB/rmuH5n/RwGf.',1,'2',NULL,NULL,'2025-11-04 03:42:27'),(52,'Mondejar, Luel Edano','luel.mondejar.lm@sanden-rs.com','COLD CHAIN','7','9','Active','Ref & Aircon Technician',NULL,'$2y$12$q.HHkAyqKGhQvn.xKf6rxuI915ndw4HFNJLcmFyi1XSZQ4ZeqOWhK',1,'1',NULL,NULL,'2025-12-16 07:47:40'),(53,'Cinco, Mary Joy Magbanua','maryjoy.cinco.il@sanden-rs.com','FINANCE','13','11','Active','Disbursement Specialist',NULL,'$2y$12$ADFxfEOfea5wFqVv5Oysi.xMM4knN/h1qB9DXdn8KueyAR.CjZTIa',1,'1',NULL,NULL,'2025-10-30 07:11:36'),(54,'Manalo, Billy Joel Canape','billy.manalo.nq@sanden-rs.com','COLD CHAIN','7','','Active','Sales Engineering Manager',NULL,'$2y$12$pRXlD4N9u4d7ZXeFW2GOo.m/dDlUlAcEP/VicTSSyD.C3YbVZik6y',1,'3',NULL,NULL,'2025-11-07 01:10:33'),(55,'Delfin, Daryl Glenn Geodisico','daryl.delfin.sv@sanden-rs.com','RO-MINDANAO','10','12','Active','Warehouseman',NULL,'$2y$12$G9NF7BfIyilojtuS0qb9o.tUuqEjixzrNBTA4qpefIWHdt6NGi1fC',1,'1',NULL,NULL,'2025-12-29 06:40:21'),(56,'Balani, Nemicio Aquino','nemicio.balani.wz@sanden-rs.com','COLD CHAIN','7','9','Active','Aftersales Supervisor',NULL,'$2y$12$SUSmksis0jiW2/t0GgH/COQoJ2pCcl1.qgv6e66MQt2LOP7EyJB42',0,'2',NULL,NULL,NULL),(57,'Ilagan, Mary Rose Castro','maryrose.ilagan.mi@sanden-rs.com','RO-NL','9','4','Inactive','Sales and Admin Staff',NULL,'$2y$12$e0GMcdOGyhtTE4nS2DGr2uCVOtokRxD3srmcLMMUpjf0K3NyQEzKO',1,'1',NULL,NULL,'2026-01-06 06:50:27'),(58,'Lantican, Mart Joshua Palma','mart.lantican.ml@sanden-rs.com','COLD CHAIN','7','10','Active','Sales Engineer',NULL,'$2y$12$1/I.DQtYN8hLiNhT43yBEuEx3.kGoO.4dARdBbHLP7kiXTBKXEm2q',1,'1',NULL,NULL,'2025-11-06 00:27:03'),(59,'Cubio, Nelson Maliksi','nelson.cubio.nc@sanden-rs.com','ADMIN','8','25','Active','EHS Officer',NULL,'$2y$12$dEDO.6YrM/WotZaP91b57OBNgBP8jbCP6BC7eiBfrVJYxtstX4H9e',1,'1',NULL,NULL,'2025-12-15 05:04:53'),(60,'Brazal, Bryan Habal','bryan.brazal','COLD CHAIN','7','9','Active','Ref & Aircon Technician ',NULL,'$2y$12$SUSmksis0jiW2/t0GgH/COQoJ2pCcl1.qgv6e66MQt2LOP7EyJB42',0,'1',NULL,NULL,NULL),(61,'Crisostomo, Karlson Sityar','karlson.crisostomo.kc@sanden-rs.com','COLD CHAIN','7','8','Active','Draftsman',NULL,'$2y$12$qHQfvb4MAijZcGOCPetuSuFD0aBqq8zvCyVs2Y3M6gLAIp49V4gea',1,'1',NULL,NULL,'2025-12-09 06:47:18'),(62,'Acuna, Christian Jay Sardea','christian.sardea','AFTER SALES','4','1','Active','Ref & Aircon Technician ',NULL,'$2y$12$SUSmksis0jiW2/t0GgH/COQoJ2pCcl1.qgv6e66MQt2LOP7EyJB42',0,'1',NULL,NULL,NULL),(63,'Olivera, Neil Erzon Esquilon','neil.olivera.no@sanden-rs.com','ADMIN','8','6','Active','Admin Supervisor',NULL,'$2y$12$XmRXjPH1i//ynNwkpXF6ae.hOTkwqRj.XxigCHyP.DaXhHaITpSIe',1,'2',NULL,NULL,'2026-01-21 06:46:29'),(64,'Amurao, Den Mark Manaog','den.amurao.da@sanden-rs.com','PROCUREMENT & IMPORTATION','3','14','Active','Importation Specialist',NULL,'$2y$12$kh/9qd.hwwcqCNcBtYgZa.gII.jymLYFb5NSv3EdrjzO6UgKVPUPa',1,'1',NULL,NULL,'2025-10-30 07:13:28'),(65,'Malabanan, Edd Brandon Gomez','edd.malabanan.em@sanden-rs.com','COLD CHAIN','7','8','Active','Project Engineer',NULL,'$2y$12$otVzqFhWIO7gf89.J1e8/uXdsg/ok34diUCeLIwX4WctZ.nxqnLQa',1,'1',NULL,NULL,'2025-12-16 05:00:04'),(66,'Mortera, Eduard Gutierrez','eduard.mortera','RO-NL','9','4','Inactive','Warehouseman',NULL,'$2y$12$SUSmksis0jiW2/t0GgH/COQoJ2pCcl1.qgv6e66MQt2LOP7EyJB42',0,'1',NULL,NULL,NULL),(67,'Lalaguna, Edward Bitongan','edward.lalaguna.el@sanden-rs.com','RO-NL','9','4','Inactive','Warehouseman',NULL,'$2y$12$OT.hcPUkFyIav935hY6bGu6Fod6yuNkS5v4OjEOb8wuBqhYwpvq4y',1,'1',NULL,NULL,'2026-01-05 23:50:47'),(68,'Quiballo, Ian Howard Manzanero','ian.quiballo','SCM','2','23','Active','Warehouseman',NULL,'$2y$12$uttFcies5ckMKZ.ZrSIka.YzWWVPSTl0vt0iAbIHW44OwBVsZF4/i',1,'1',NULL,NULL,'2026-01-05 07:23:37'),(69,'Palacio, Reynold Bagon','reynold.palacio','COLD CHAIN','7','9','Active','Ref & Aircon Technician',NULL,'$2y$12$SUSmksis0jiW2/t0GgH/COQoJ2pCcl1.qgv6e66MQt2LOP7EyJB42',0,'1',NULL,NULL,NULL),(70,'Repomanta, Josuah Atun','josuah.repomanta.jr@sanden-rs.com','COLD CHAIN','7','9','Inactive','Project Engineer',NULL,'$2y$12$SUSmksis0jiW2/t0GgH/COQoJ2pCcl1.qgv6e66MQt2LOP7EyJB42',0,'1',NULL,NULL,NULL),(71,'Capuso, Renniel Aguilar','renniel.capuso.rc@sanden-rs.com','COLD CHAIN','7','10','Inactive','Sales Engineer',NULL,'$2y$12$ENFbt4kBGaEQs6vWIr1XR.y1HWTxkO1M3h3O.7tCo6/Mp7AhO1A5q',1,'1',NULL,NULL,'2025-11-24 05:39:26'),(72,'Medellin, Jay Espinosa','jay.medellin.jm@sanden-rs.com','RO-VISAYAS','7','','Active','Sales and Admin Staff',NULL,'$2y$12$aXLGFonKzpb2FvfHLrh6D.bEzvwwzL4XFU4K/2BfOj.s4oF8dizfC',1,'1',NULL,NULL,'2025-12-20 05:16:53'),(73,'Pundano, Merrie Ann Fajardo','merrie.pundano.mp@sanden-rs.com','HUMAN RESOURCE','6','','Active','HR Payroll Specialist',NULL,'$2y$12$2/1W8CY6szTc6nBFQLOpJu0vPdCzLEcnpNKf04JkErEG4VcC/DrcS',1,'1',NULL,NULL,'2026-02-04 05:45:12'),(74,'Soriano, Vazzim Jamolin','vazzim.soriano.vs@sanden-rs.com','AFTER SALES','4','3','Active','Product Engineer',NULL,'$2y$12$uL5T4RQIo/6.g0HbeRrKuORzzOEZgJoPZQ.m8IrDViexs5GxR9SW2',1,'1',NULL,NULL,'2025-10-30 07:17:23'),(75,'Mayamaya, Leonard Caday','leonard.mayamaya','COLD CHAIN','7','9','Active','Ref & Aircon Technician',NULL,'$2y$12$SUSmksis0jiW2/t0GgH/COQoJ2pCcl1.qgv6e66MQt2LOP7EyJB42',0,'1',NULL,NULL,NULL),(76,'Autida, Ruby Mae ','ruby.autida.ra@sanden-rs.com','RO-MINDANAO','10','12','Active','Sales and Admin Staff',NULL,'$2y$12$SUSmksis0jiW2/t0GgH/COQoJ2pCcl1.qgv6e66MQt2LOP7EyJB42',0,'1',NULL,NULL,NULL),(77,'Mahinay, Julie Nantes','julie.mahinay','COLD CHAIN','7','9','Active','Ref & Aircon Technician',NULL,'$2y$12$SUSmksis0jiW2/t0GgH/COQoJ2pCcl1.qgv6e66MQt2LOP7EyJB42',0,'1',NULL,NULL,NULL),(78,'Gavino, John Louie Tamashiro','john.gavino.jg@sanden-rs.com','COLD CHAIN','7','10','Inactive','Sales and Admin Staff',NULL,'$2y$12$jV5RDDLaFszYrclPF5.NOeVKKlxzCWktwucGkUqaRi/9o8yNH6IrC',1,'1',NULL,NULL,'2025-11-19 05:07:29'),(79,'Perez, Hanzel Coligado','hanzel.perez','ADMIN','8','25','Active','Company Driver',NULL,'$2y$12$SUSmksis0jiW2/t0GgH/COQoJ2pCcl1.qgv6e66MQt2LOP7EyJB42',0,'1',NULL,NULL,NULL),(80,'Lavena, Vinsie Legarda','vinsie.lavena.vl@sanden-rs.com','SCM','2','23','Active','Project Material Planner Specialist',NULL,'$2y$12$d52wqTi0t0KPNDeQ.1nouOF33AIYVpvQpqbwqA5drS/zQ9kGz36Ya',1,'1',NULL,NULL,'2025-11-04 01:39:54'),(81,'Tuazon, Elmer James','elmer.tuazon','RO-MINDANAO','10','12','Active','Warehouseman',NULL,'$2y$12$SUSmksis0jiW2/t0GgH/COQoJ2pCcl1.qgv6e66MQt2LOP7EyJB42',0,'1',NULL,NULL,NULL),(82,'Chavez,John Amion','john.chavez.jc@sanden-rs.com','COLD CHAIN','7','9','Active','Sales Engineer',NULL,'$2y$12$K9Mi9.tkiU1bf5o.Bq3qIefK67kLTh4XC4rX/E73Al7YpkAKAfbG.',1,'1',NULL,NULL,'2025-12-09 03:05:49'),(83,'Briones, Bea Patricia Costales','bea.briones.bb@sanden-rs.com','COLD CHAIN','7','8','Active','Sales Engineer',NULL,'$2y$12$Y01CQNhL/1c4UM.ttiyVAuw.nSQlNj/oBeTF6h8oLrpL33PKV5Bk2',1,'1',NULL,NULL,'2025-11-04 02:02:27'),(84,'Reyes,Mariel Justine','mariel.reyes.mr@sanden-rs.com','FINANCE','13','11','Active','Accounts Payable Staff',NULL,'$2y$12$rsz3OorAVG7Y484N2ukBfelT/5kpWO5EhCoGjwi75tY0DHDbvSMKG',1,'1',NULL,NULL,'2025-10-30 08:05:59'),(85,'Lumactud, John Rhay','john.lumactud','AFTER SALES','4','1','Active','Ref & Aircon Technician',NULL,'$2y$12$nDHYgXB.zV1QuhevqUDRiuIiPgALGxzeUecx/cBjBF9VQXmOCGrrC',1,'1',NULL,NULL,'2025-12-22 01:10:24'),(86,'Umandap, Rommel Lumines','rommel.umandap.ru@sanden-rs.com','FINANCE','13','11','Active','Financial Analyst Accounts Receivable',NULL,'$2y$12$CFX9XQQdEloz5egf/OvZi.fthgyMR.UpD9nZUuqAUaG1xvsINHBqK',1,'1',NULL,NULL,'2025-10-30 07:32:18'),(87,'Godoy, Nemesis Reyes','nemesis.godoy.ng@sanden-rs.com','FINANCE','13','11','Active','Cost and Tax Analyst',NULL,'$2y$12$LED.aUXKlKo0J3Rc1dzkC.bLU70HaSFSokqvqGUJhw7T4blhHNwte',1,'1',NULL,NULL,'2025-10-31 00:58:16'),(88,'Batag, Maria Adrenee Bautista','adrenee.batag.ab@sanden-rs.com','RO-MINDANAO','10','12','Inactive','Sales Associate',NULL,'$2y$12$SUSmksis0jiW2/t0GgH/COQoJ2pCcl1.qgv6e66MQt2LOP7EyJB42',0,'1',NULL,NULL,NULL),(89,'Solis, Ardie Cantal','ardie.solis.as@sanden-rs.com','RO-VISAYAS','7','','Active','Sales Executive',NULL,'$2y$12$vuhix.aPG8OGY17qau9PR.fERXkcNqI3aBQYma37JZyY4xxlUrc..',1,'1',NULL,NULL,'2025-12-17 00:46:51'),(90,'Fortes, Neil Galang','neil.fortes.nf@sanden-rs.com','Advertising & Marketing','12','13','Active','Customer Service Coordinator',NULL,'$2y$12$TYdKpgDEM3t/6B9Vwyc6UezyjPzPjeifIuhW6FRG84oxQEO4eGuk6',1,'1',NULL,NULL,'2025-10-30 07:12:34'),(91,'Batayon, RJ Kenneth Pena','rj.batayon.rb@sanden-rs.com','SCM','2','23','Active','Inventory Planning Staff',NULL,'$2y$12$mxVuWETry5V1ibQsGsXeneZ56/4iJGbcRLRdjDai0RneAvgha2fle',1,'1',NULL,NULL,'2025-12-26 02:10:26'),(92,'Placiente, Paulo Tosi','coldchain.operator.ph@sanden-rs.com','COLD CHAIN','7','8','Active','CAD Operator',NULL,'$2y$12$eJ.jdrmExEF0n5ZEDRt45uV1rV9YxUCgQL95XCKfSFVNaqudNo7xO',1,'1',NULL,NULL,'2026-01-28 00:20:30'),(93,'Natividad, Billy Gil Canonigo','billy.natividad.bn@sanden-rs.com','FINANCE','13','11','Active','Disbursement Analyst',NULL,'$2y$12$aQtf0sATuykQhUwVl2OGtumCp0hA49K3R7aJ4Ndw57OAsLZ8HiTIi',1,'1',NULL,NULL,'2026-01-08 03:46:25'),(94,'Leyson, Russel Blake Soquiat','russel.leyson.rl@sanden-rs.com','COLD CHAIN','7','8','Active','Project Engineer',NULL,'$2y$12$V81hgLvNkIviMjVY.57J5uQgF0g07N28pKC/8jhDi62RhMza5EEV6',1,'1',NULL,NULL,'2025-11-24 02:51:49'),(95,'Candolada, Raffy Jun Marterio','raffy.candolada.rc@sanden-rs.com','COLD CHAIN','7','10','Active','Sales Engineer',NULL,'$2y$12$MJMD3fgvt9n/yeQCPsYukeZ/3dMygRodgMPKfhrNyZeAYvs3B2srK',1,'1',NULL,NULL,'2025-12-29 06:41:38'),(96,'Postrero, Angelie Elarco','angelie.postrero.ap@sanden-rs.com','PROCUREMENT & IMPORTATION','3','14','Active','Purchasing Analyst',NULL,'$2y$12$tSy6Rht2B8FkeEmN9nVpcuaVBqGQ6XzHTCob5fY14Z7BP3Y7J4Yza',1,'1',NULL,NULL,'2025-11-05 05:23:09'),(97,'Rabandaban, Richie Calanog','richie.rabandaban.rr@sanden-rs.com','FINANCE','13','','Active','Finance Manager',NULL,'$2y$12$WaJ.oJa00cguFBKp/lP7t.J1zwiIVe8a2/jogMQ5bRoitwYA8y7Mm',1,'3',NULL,NULL,'2025-11-05 00:37:33'),(98,'Frial, Dessa Quite','dessa.frial.df@sanden-rs.com','ADMIN','8','25','Inactive','Admin Staff',NULL,'$2y$12$AYmN95kOK4/R70dmaFvEP.1T/bTsnMvlkxJK94uNzq99zDFZXe2g.',1,'1',NULL,NULL,'2025-12-01 04:41:50'),(99,'Alcuizar,Noel Arcilla','noel.alcuizar','RO-VISAYAS','7','','Active','Delivery Driver',NULL,'$2y$12$eo72h9KHWwbtsxD/zFzhi.STy85J1IpNXO.i6LY3QI5nLWo1h1EM2',1,'1',NULL,NULL,'2026-01-05 06:47:04'),(100,'Salagubang, Jeffrey Contreras','jeffrey.salagubang.js@sanden-rs.com','MIS','14','18','Active','Software Developer',NULL,'$2y$12$C.8Lb8wA5SLxoVMu2GOTQeLraKJrx4BbA8MDFWYpvXMwTUjGNcysK',1,'6',NULL,NULL,'2025-10-29 05:11:32'),(101,'Algire, Mark Joseph Garcia','mark.algire.ma@sanden-rs.com','COLD CHAIN','7','8','Active','Sales Engineer',NULL,'$2y$12$EyykBVPYxV2yasWU4AnGoeGLii1uM9wn.mzLoTDRt7YjfdDD654My',1,'1',NULL,NULL,'2025-12-16 04:47:59'),(102,'Perin, Edmar Fernandez','edmar.perin','AFTER SALES','4','1','Active','Ref & Aircon Technician',NULL,'$2y$12$bc19KapagAEPzfZJVqp.5uCBoEn9AjUyNFz7bOH3.0dxHhJnGi6yW',1,'1',NULL,NULL,'2026-01-26 08:05:33'),(103,'Villasin, Dean Gadgode','cebu.technician.ph@sanden-rs.com','RO-VISAYAS','7','','Active','Ref & Aircon Technician',NULL,'$2y$12$WN8kiiBb42mMZAYJhYDHRuKcjOWqMFAqa8COEKBoNDsr2zq1bR/QO',1,'1',NULL,NULL,'2025-12-29 01:27:54'),(104,'Castillo, Kristina Andrea Terrones','kristina.castillo.kc@sanden-rs.com','COLD CHAIN','7','8','Inactive','Project Engineer',NULL,'$2y$12$c/Q2e5PhZCE2vPVq5JmRU.XHjNNTRqzzb3QgOLB7/So0JIMZSjQom',1,'1',NULL,NULL,'2025-12-16 04:49:20'),(105,'Leycano, Francis Arellano','francis.leycano.fl@sanden-rs.com','COLD CHAIN','7','8','Active','Cadet Engineer',NULL,'$2y$12$O9EQKth3jz3vUcAtkCs/6urr6N6S1iI7St.h1yvn66uut9QsaYJp6',1,'1',NULL,NULL,'2025-12-22 23:56:24'),(106,'Dennis Videna','dennis.videna.dv@sanden-rs.com','South Luzon','6','2','Active','Sales Executive',NULL,'$2y$12$QWumB9jv/mXWNVCaDlQtfePX8r6mcji39LOnmfd6tkniXsy9nSGJ.',1,'1',NULL,NULL,'2025-11-05 00:22:35'),(107,'Lloyd Patrick Garcia','llyod.patrick','SCM','2','23','Active','Warehouse Man',NULL,'$2y$12$SUSmksis0jiW2/t0GgH/COQoJ2pCcl1.qgv6e66MQt2LOP7EyJB42',0,'1',NULL,NULL,NULL);
/*!40000 ALTER TABLE `users` ENABLE KEYS */;
UNLOCK TABLES;

--
-- Table structure for table `vpn_accounts`
--

DROP TABLE IF EXISTS `vpn_accounts`;
/*!40101 SET @saved_cs_client     = @@character_set_client */;
/*!50503 SET character_set_client = utf8mb4 */;
CREATE TABLE `vpn_accounts` (
  `id` bigint unsigned NOT NULL AUTO_INCREMENT,
  `username` varchar(255) CHARACTER SET utf8mb4 COLLATE utf8mb4_unicode_ci NOT NULL,
  `email` varchar(255) CHARACTER SET utf8mb4 COLLATE utf8mb4_unicode_ci NOT NULL,
  `password` text CHARACTER SET utf8mb4 COLLATE utf8mb4_unicode_ci NOT NULL,
  `send_status` varchar(255) CHARACTER SET utf8mb4 COLLATE utf8mb4_unicode_ci NOT NULL,
  `status` varchar(255) CHARACTER SET utf8mb4 COLLATE utf8mb4_unicode_ci NOT NULL DEFAULT 'inactive',
  `created_at` timestamp NULL DEFAULT NULL,
  `updated_at` timestamp NULL DEFAULT NULL,
  PRIMARY KEY (`id`)
) ENGINE=InnoDB AUTO_INCREMENT=85 DEFAULT CHARSET=utf8mb4 COLLATE=utf8mb4_unicode_ci;
/*!40101 SET character_set_client = @saved_cs_client */;

--
-- Dumping data for table `vpn_accounts`
--

LOCK TABLES `vpn_accounts` WRITE;
/*!40000 ALTER TABLE `vpn_accounts` DISABLE KEYS */;
INSERT INTO `vpn_accounts` VALUES (1,'CC_Adel','adel.barlan.ab@sanden-rs.com','8%TJESIv','1','Active','2025-11-13 16:00:00','2026-02-05 01:40:29'),(2,'CC_Almar','almar.maruggay.dd@sanden-rs.com','^^8EALuH','1','Active','2025-11-13 16:00:00','2026-02-05 01:40:30'),(3,'CC_Bea','bea.briones.bb@sanden-rs.com','ZTxH4ke!','1','Active','2025-11-13 16:00:00','2026-02-05 01:40:30'),(4,'WTY_Christian','christian.alcantara.ut@sanden-rs.com','aP4-ymts','1','Active','2025-11-13 16:00:00','2026-02-05 02:26:17'),(5,'CC_Clarence','clarence.panambo.bc@sanden-rs.com','i*6vTMak','1','Active','2025-11-13 16:00:00','2026-02-05 01:40:31'),(6,'CC_Edd','edd.malabanan.em@sanden-rs.com','^O4s7e-M','1','Active','2025-11-13 16:00:00','2026-02-05 01:40:32'),(7,'CC_Emirlyn','emirlyn.palomillo.gi@sanden-rs.com','1^C7KktX','1','Active','2025-11-13 16:00:00','2026-02-05 01:40:32'),(8,'CC_Francis','francis.leycano.fl@sanden-rs.com','9*H_2lp#','1','Active','2025-11-13 16:00:00','2026-02-05 01:40:33'),(9,'CC_John','john.chavez.jc@sanden-rs.com','*$44-ysO','1','Active','2025-11-13 16:00:00','2026-02-05 01:40:34'),(10,'CC_Josuah','josuah.repomanta.jr@sanden-rs.com','l9C%4@PY','1','Active','2025-11-13 16:00:00','2026-02-05 01:40:34'),(11,'CC_Kristina','kristina.castillo.kc@sanden-rs.com','K_P6t.77','1','Active','2025-11-13 16:00:00','2026-02-05 01:40:35'),(12,'CC_Louie','john.gavino.jg@sanden-rs.com','5WYH.K2k','1','Active','2025-11-13 16:00:00','2026-02-05 01:40:36'),(13,'CC_MarkJoseph','mark.algire.ma@sanden-rs.com','UZ0V*%.s','1','Active','2025-11-13 16:00:00','2026-02-05 01:40:36'),(15,'CC_Paulo','coldchain.operator.ph@sanden-rs.com','1F&cZf^B','1','Active','2025-11-13 16:00:00','2026-02-05 01:40:37'),(16,'CC_Renniel','renniel.capuso.rc@sanden-rs.com','kCa%S4Fp','1','Active','2025-11-13 16:00:00','2026-02-05 01:40:38'),(17,'CC_Robert','robert.alpajaro.vf@sanden-rs.com','!Yt4bC1G','1','Active','2025-11-13 16:00:00','2026-02-05 01:40:38'),(18,'CEB_Ardie','ardie.solis.as@sanden-rs.com','OZE3A2@G','1','Active','2025-11-13 16:00:00','2026-02-05 01:42:53'),(19,'CEB_Cherry','cherry.estares.ym@sanden-rs.com','j*81UdUT','1','Active','2025-11-13 16:00:00','2026-02-05 01:42:53'),(20,'CEB_Jay','jay.medellin.jm@sanden-rs.com','VxzN5*!.','1','Active','2025-11-13 16:00:00','2026-02-05 01:42:54'),(21,'CEB_Levie','levie.lerasan.ew@sanden-rs.com','TZ1-6rq.','1','Active','2025-11-13 16:00:00','2026-02-05 01:42:55'),(22,'CEB_Luel','luel.mondejar.lm@sanden-rs.com','*B0wr.TQ','1','Active','2025-11-13 16:00:00','2026-02-05 01:42:55'),(23,'CEB_Technician','cebu.technician.ph@sanden-rs.com','Jfid5$@#','1','Active','2025-11-13 16:00:00','2026-02-05 01:42:56'),(24,'CL_Alvin',' alvin.capuno.ac@sanden-rs.com','W#IZ-D^8','1','Active','2025-11-13 16:00:00','2026-02-05 02:08:43'),(25,'CL_Jamaica','jamaica.bucu.jc@sanden-rs.com','8a@jK2jU','1','Active','2025-11-13 16:00:00','2026-02-05 02:08:44'),(26,'CL_Joyce','joyce.delacruz.jb@sanden-rs.com','R0$8^xZ0','1','Active','2025-11-13 16:00:00','2026-02-05 02:08:44'),(27,'CL_Rose','maryrose.ilagan.mi@sanden-rs.com','9Ex4&.Ac','1','Active','2025-11-13 16:00:00','2026-02-05 02:08:45'),(28,'CL_Technician','centralluzon.technician.ph@sanden-rs.com','ds&1bJ6M','1','Active','2025-11-13 16:00:00','2026-02-05 02:08:46'),(29,'DAV_Daryl','daryl.delfin.sv@sanden-rs.com','&sRIq1T8','1','Active','2025-11-13 16:00:00','2026-02-05 02:11:19'),(30,'DAV_Ella','ella.villa.vo@sanden-rs.com','3%*3%A2S','1','Active','2025-11-13 16:00:00','2026-02-05 02:11:20'),(31,'DAV_Gerald','gerald.gersalina.dc@sanden-rs.com','cvf6%XKU','1','Active','2025-11-13 16:00:00','2026-02-05 02:11:20'),(33,'DAV_MariaA','adrenee.batag.ab@sanden-rs.com','WtO$y&H0','1','Active','2025-11-13 16:00:00','2026-02-05 02:11:21'),(34,'DAV_Pearl','pearl.pacilan.df@sanden-rs.com','WH0-.NYL','1','Active','2025-11-13 16:00:00','2026-02-05 02:11:21'),(35,'DAV_Raffy','raffy.candolada.rc@sanden-rs.com','si%Vh2GG','1','Active','2025-11-13 16:00:00','2026-02-05 02:11:22'),(36,'DAV_Ruby','ruby.autida.ra@sanden-rs.com','e1GHi1!w','1','Active','2025-11-13 16:00:00','2026-02-05 02:11:23'),(37,'FHD','fernan.dichoso.cj@sanden-rs.com','BOQ0e*F%','1','Active','2025-11-13 16:00:00','2026-02-05 02:15:07'),(38,'FIN_Alvin','alvin.joven.fi@sanden-rs.com','7#CFTnU&','1','Active','2025-11-13 16:00:00','2026-02-05 02:15:07'),(39,'FIN_Billy','billy.natividad.bn@sanden-rs.com','_9AtF6XQ','1','Active','2025-11-13 16:00:00','2026-02-05 02:15:08'),(40,'FIN_Mariel','mariel.reyes.mr@sanden-rs.com','2GHDH*.F','1','Active','2025-11-13 16:00:00','2026-02-05 02:15:09'),(41,'FIN_Monette','monette.salazar.ms@sanden-rs.com ','Gz15HD%P','1','Active','2025-11-13 16:00:00','2026-02-05 02:15:09'),(42,'FIN_Nemesis','nemesis.godoy.ng@sanden-rs.com','XQ^5k^Vq','1','Active','2025-11-13 16:00:00','2026-02-05 02:15:10'),(43,'FIN_Richie','richie.rabandaban.rr@sanden-rs.com','5K_6xDKL','1','Active','2025-11-13 16:00:00','2026-02-05 02:15:11'),(44,'FIN_Rommel','rommel.umandap.ru@sanden-rs.com','iUxA3%8.','1','Active','2025-11-13 16:00:00','2026-02-05 02:15:11'),(45,'FIN_Vinsie','vinsie.lavena.vl@sanden-rs.com','tyw8*ZJ8','1','Active','2025-11-13 16:00:00','2026-02-05 02:15:12'),(46,'HQ_Celestial','celestial.m.beran.qr@sanden-rs.com','DmvU0!gL','1','Active','2025-11-13 16:00:00','2026-02-05 02:17:59'),(47,'HQ_Kane','kane.gonzales.kc@sanden-rs.com','1tQsX^@c','1','Active','2025-11-13 16:00:00','2026-02-05 02:18:00'),(48,'HQ_Neil','neil.fortes.nf@sanden-rs.com','0Q$3uIaJ','1','Active','2025-11-13 16:00:00','2026-02-05 02:18:01'),(49,'HQ_Ricky','ricky.salamante.rs@sanden-rs.com','OFr%X#2d','1','Active','2025-11-13 16:00:00','2026-02-05 02:18:01'),(50,'HRAD_Dessa','dessa.frial.df@sanden-rs.com','@S1kZ!54','1','Active','2025-11-13 16:00:00','2026-02-05 02:18:02'),(51,'HRAD_Gerryca','gerryca.joves.gj@sanden-rs.com','KB2i2C@c','1','Active','2025-11-13 16:00:00','2026-02-05 02:18:03'),(52,'HRAD_Merrie','merrie.pundano.mp@sanden-rs.com','pQlK#o53','1','Active','2025-11-13 16:00:00','2026-02-05 02:18:03'),(53,'HRAD_Neil','neil.olivera.no@sanden-rs.com','1y9TcB$i','1','Active','2025-11-13 16:00:00','2026-02-05 02:18:04'),(54,'HRAD_Nelson','nelson.cubio.nc@sanden-rs.com','HOs4t--S','1','Active','2025-11-13 16:00:00','2026-02-05 02:18:05'),(56,'JUA','julius.apigo.dw@sanden-rs.com','.9.75EIM','1','Active','2025-11-13 16:00:00','2026-02-05 02:21:44'),(57,'MIS_Euvy','euvy.marable.df@sanden-rs.com','US#.D^j2','1','Active','2025-11-13 16:00:00','2026-02-05 02:21:44'),(58,'MIS_Jeffrey','jeffrey.salagubang.js@sanden-rs.com','R53pq&.z','1','Active','2025-10-13 16:00:00','2026-02-05 02:21:45'),(59,'MIS_Keam','keam.luwys.kl@sanden-rs.com','5G3@F_VX','1','Active','2025-11-13 16:00:00','2026-02-05 02:21:46'),(61,'MS_Dennis','dennis.videna.dv@sanden-rs.com','G&1VN%2!','1','Active','2025-11-13 16:00:00','2026-02-05 02:21:46'),(62,'MS_Ian','ian.llaneta.ih@sanden-rs.com','PPS3Jt&_','1','Active','2025-11-13 16:00:00','2026-02-05 02:21:47'),(63,'MS_Julieta','julieta.alcos.qp@sanden-rs.com','*hc8xOZM','1','Active','2025-11-13 16:00:00','2026-02-05 02:21:48'),(64,'MS_Rhea','rhea.villar.rv@sanden-rs.com','Eop718^0','1','Active','2025-11-13 16:00:00','2026-02-05 02:21:48'),(65,'MS_William','william.llosala.wl@sanden-rs.com','Pw!G7-UN','1','Active','2025-11-13 16:00:00','2026-02-05 02:21:49'),(67,'NL_Technician','northluzon.technician.ph@sanden-rs.com','BPK1Y6*h','1','Active','2025-11-13 16:00:00','2026-02-05 02:25:44'),(68,'SCM_Angelie','angelie.postrero.ap@sanden-rs.com','tNZ$34u7','1','Active','2025-11-13 16:00:00','2026-02-05 02:25:44'),(69,'SCM_Den','den.amurao.da@sanden-rs.com','0^VdE9.G','1','Active','2025-11-13 16:00:00','2026-02-05 02:25:45'),(70,'SCM_Jeffrey','jeffrey.dealino.cd@sanden-rs.com','X$LH4HFd','1','Active','2025-11-13 16:00:00','2026-02-05 02:25:45'),(71,'SCM_Jeravy','jeravy.decastro.jd@sanden-rs.com','uGyJ$O4D','1','Active','2025-11-13 16:00:00','2026-02-05 02:25:46'),(72,'SCM_RJ','rj.batayon.rb@sanden-rs.com','!StUEn99','1','Active','2025-11-13 16:00:00','2026-02-05 02:25:47'),(73,'SCM_Ronalyn','ronalyn.pulutan.df@sanden-rs.com','PM7_1_d7','1','Active','2025-11-13 16:00:00','2026-02-05 02:25:47'),(74,'SCM_Sabrina','sabrina.m.mosquera.sb@sanden-rs.com','&#&cJ.d7','1','Active','2025-11-13 16:00:00','2026-02-05 02:25:48'),(75,'WTY_Joana','joana.pabillo.fa@sanden-rs.com','5RaVB-ME','1','Active','2025-11-13 16:00:00','2026-02-05 02:25:49'),(76,'WTY_Mark','mark.garcia.mg@sanden-rs.com','H^#ZHXK8','1','Active','2025-11-13 16:00:00','2026-02-05 02:25:49'),(77,'WTY_Vazzim','vazzim.soriano.vs@sanden-rs.com','U5H_3CNC','1','Active','2025-11-13 16:00:00','2026-02-05 02:25:50'),(82,'DAV_Maria','esther.requinta.rk@sanden-rs.com','s@iM@6K6','1','active','2026-01-13 00:59:12','2026-02-05 02:25:51'),(83,'CC_Billy','billy.manalo.nq@sanden-rs.com','SG6B1%.9','1','active','2026-01-13 01:01:40','2026-02-05 02:25:51'),(84,'CEB_Jordan','jordan.galdones.wd@sanden-rs.com','mnA2Z0..','1','active','2026-01-13 01:02:03','2026-02-05 02:25:52');
/*!40000 ALTER TABLE `vpn_accounts` ENABLE KEYS */;
UNLOCK TABLES;
/*!40103 SET TIME_ZONE=@OLD_TIME_ZONE */;

/*!40101 SET SQL_MODE=@OLD_SQL_MODE */;
/*!40014 SET FOREIGN_KEY_CHECKS=@OLD_FOREIGN_KEY_CHECKS */;
/*!40014 SET UNIQUE_CHECKS=@OLD_UNIQUE_CHECKS */;
/*!40101 SET CHARACTER_SET_CLIENT=@OLD_CHARACTER_SET_CLIENT */;
/*!40101 SET CHARACTER_SET_RESULTS=@OLD_CHARACTER_SET_RESULTS */;
/*!40101 SET COLLATION_CONNECTION=@OLD_COLLATION_CONNECTION */;
/*!40111 SET SQL_NOTES=@OLD_SQL_NOTES */;

-- Dump completed on 2026-02-10  0:00:01
